id,gold,pred,correct
colorbench_00000,D,B,0
colorbench_00001,D,B,0
colorbench_00002,D,B,0
colorbench_00003,C,B,0
colorbench_00004,D,B,0
colorbench_00005,B,B,1
colorbench_00006,C,B,0
colorbench_00007,D,B,0
colorbench_00008,A,B,0
colorbench_00009,D,B,0
colorbench_00010,A,B,0
colorbench_00011,D,B,0
colorbench_00012,D,B,0
colorbench_00013,D,B,0
colorbench_00014,A,B,0
colorbench_00015,B,B,1
colorbench_00016,C,B,0
colorbench_00017,B,B,1
colorbench_00018,B,B,1
colorbench_00019,B,B,1
colorbench_00020,D,B,0
colorbench_00021,C,B,0
colorbench_00022,D,B,0
colorbench_00023,A,B,0
colorbench_00024,C,B,0
colorbench_00025,D,B,0
colorbench_00026,C,B,0
colorbench_00027,C,B,0
colorbench_00028,B,B,1
colorbench_00029,B,B,1
colorbench_00030,A,B,0
colorbench_00031,C,B,0
colorbench_00032,C,B,0
colorbench_00033,D,B,0
colorbench_00034,D,B,0
colorbench_00035,D,B,0
colorbench_00036,A,B,0
colorbench_00037,B,B,1
colorbench_00038,B,B,1
colorbench_00039,A,B,0
colorbench_00040,C,B,0
colorbench_00041,C,B,0
colorbench_00042,C,B,0
colorbench_00043,C,B,0
colorbench_00044,A,B,0
colorbench_00045,A,B,0
colorbench_00046,B,B,1
colorbench_00047,B,B,1
colorbench_00048,A,B,0
colorbench_00049,B,B,1
colorbench_00050,B,B,1
colorbench_00051,A,B,0
colorbench_00052,B,B,1
colorbench_00053,A,B,0
colorbench_00054,C,B,0
colorbench_00055,A,B,0
colorbench_00056,C,B,0
colorbench_00057,C,B,0
colorbench_00058,A,B,0
colorbench_00059,A,B,0
colorbench_00060,C,B,0
colorbench_00061,A,B,0
colorbench_00062,C,B,0
colorbench_00063,A,B,0
colorbench_00064,D,B,0
colorbench_00065,B,B,1
colorbench_00066,D,B,0
colorbench_00067,A,B,0
colorbench_00068,D,B,0
colorbench_00069,D,B,0
colorbench_00070,D,B,0
colorbench_00071,A,B,0
colorbench_00072,C,B,0
colorbench_00073,D,B,0
colorbench_00074,D,B,0
colorbench_00075,D,B,0
colorbench_00076,A,B,0
colorbench_00077,B,B,1
colorbench_00078,D,B,0
colorbench_00079,D,B,0
colorbench_00080,D,B,0
colorbench_00081,D,B,0
colorbench_00082,D,B,0
colorbench_00083,B,B,1
colorbench_00084,D,B,0
colorbench_00085,D,B,0
colorbench_00086,C,B,0
colorbench_00087,C,B,0
colorbench_00088,D,B,0
colorbench_00089,C,B,0
colorbench_00090,D,B,0
colorbench_00091,D,B,0
colorbench_00092,C,B,0
colorbench_00093,A,B,0
colorbench_00094,A,B,0
colorbench_00095,B,B,1
colorbench_00096,B,B,1
colorbench_00097,C,B,0
colorbench_00098,B,B,1
colorbench_00099,C,B,0
colorbench_00100,C,B,0
colorbench_00101,B,B,1
colorbench_00102,B,B,1
colorbench_00103,A,B,0
colorbench_00104,A,B,0
colorbench_00105,A,B,0
colorbench_00106,A,B,0
colorbench_00107,B,B,1
colorbench_00108,A,B,0
colorbench_00109,A,C,0
colorbench_00110,B,B,1
colorbench_00111,A,B,0
colorbench_00112,C,B,0
colorbench_00113,C,B,0
colorbench_00114,B,B,1
colorbench_00115,B,B,1
colorbench_00116,B,B,1
colorbench_00117,A,B,0
colorbench_00118,C,B,0
colorbench_00119,D,B,0
colorbench_00120,A,C,0
colorbench_00121,A,B,0
colorbench_00122,B,C,0
colorbench_00123,B,B,1
colorbench_00124,B,B,1
colorbench_00125,A,B,0
colorbench_00126,C,B,0
colorbench_00127,C,B,0
colorbench_00128,D,B,0
colorbench_00129,C,B,0
colorbench_00130,D,C,0
colorbench_00131,D,B,0
colorbench_00132,C,B,0
colorbench_00133,B,B,1
colorbench_00134,B,B,1
colorbench_00135,C,B,0
colorbench_00136,C,B,0
colorbench_00137,A,B,0
colorbench_00138,D,B,0
colorbench_00139,C,B,0
colorbench_00140,D,B,0
colorbench_00141,D,B,0
colorbench_00142,D,B,0
colorbench_00143,C,B,0
colorbench_00144,D,B,0
colorbench_00145,C,B,0
colorbench_00146,B,B,1
colorbench_00147,C,B,0
colorbench_00148,C,B,0
colorbench_00149,D,B,0
colorbench_00150,C,B,0
colorbench_00151,D,B,0
colorbench_00152,C,B,0
colorbench_00153,B,B,1
colorbench_00154,D,B,0
colorbench_00155,D,B,0
colorbench_00156,D,B,0
colorbench_00000,D,B,0
colorbench_00001,D,B,0
colorbench_00002,D,B,0
colorbench_00003,C,B,0
colorbench_00004,D,B,0
colorbench_00005,B,C,0
colorbench_00006,C,B,0
colorbench_00007,D,B,0
colorbench_00008,A,B,0
colorbench_00009,D,C,0
colorbench_00010,A,B,0
colorbench_00011,D,B,0
colorbench_00012,D,C,0
colorbench_00013,D,B,0
colorbench_00014,A,B,0
colorbench_00015,B,B,1
colorbench_00016,C,B,0
colorbench_00017,B,B,1
colorbench_00018,B,B,1
colorbench_00019,B,B,1
colorbench_00020,D,B,0
colorbench_00021,C,B,0
colorbench_00022,D,B,0
colorbench_00023,A,B,0
colorbench_00024,C,B,0
colorbench_00025,D,B,0
colorbench_00026,C,B,0
colorbench_00027,C,B,0
colorbench_00028,B,B,1
colorbench_00029,B,B,1
colorbench_00030,A,B,0
colorbench_00031,C,B,0
colorbench_00032,C,B,0
colorbench_00033,D,B,0
colorbench_00034,D,C,0
colorbench_00035,D,C,0
colorbench_00036,A,C,0
colorbench_00037,B,,0
colorbench_00038,B,,0
colorbench_00039,A,,0
colorbench_00040,C,,0
colorbench_00041,C,B,0
colorbench_00042,C,B,0
colorbench_00043,C,B,0
colorbench_00044,A,B,0
colorbench_00045,A,B,0
colorbench_00046,B,B,1
colorbench_00047,B,B,1
colorbench_00048,A,B,0
colorbench_00049,B,B,1
colorbench_00050,B,B,1
colorbench_00051,A,B,0
colorbench_00052,B,B,1
colorbench_00053,A,B,0
colorbench_00054,C,B,0
colorbench_00055,A,B,0
colorbench_00056,C,B,0
colorbench_00057,C,B,0
colorbench_00058,A,B,0
colorbench_00059,A,B,0
colorbench_00060,C,B,0
colorbench_00061,A,B,0
colorbench_00062,C,B,0
colorbench_00063,A,B,0
colorbench_00064,D,,0
colorbench_00065,B,,0
colorbench_00066,D,B,0
colorbench_00067,A,B,0
colorbench_00068,D,B,0
colorbench_00069,D,B,0
colorbench_00070,D,B,0
colorbench_00071,A,,0
colorbench_00072,C,,0
colorbench_00073,D,,0
colorbench_00074,D,,0
colorbench_00075,D,B,0
colorbench_00076,A,B,0
colorbench_00077,B,B,1
colorbench_00078,D,B,0
colorbench_00079,D,B,0
colorbench_00080,D,B,0
colorbench_00081,D,,0
colorbench_00082,D,B,0
colorbench_00083,B,B,1
colorbench_00084,D,B,0
colorbench_00085,D,B,0
colorbench_00086,C,B,0
colorbench_00087,C,B,0
colorbench_00088,D,B,0
colorbench_00089,C,B,0
colorbench_00090,D,B,0
colorbench_00091,D,B,0
colorbench_00092,C,,0
colorbench_00093,A,,0
colorbench_00094,A,,0
colorbench_00095,B,B,1
colorbench_00096,B,B,1
colorbench_00097,C,D,0
colorbench_00098,B,B,1
colorbench_00099,C,B,0
colorbench_00100,C,B,0
colorbench_00000,D,,0
colorbench_00001,D,,0
colorbench_00002,D,,0
colorbench_00003,C,,0
colorbench_00004,D,S,0
colorbench_00005,B,,0
colorbench_00006,C,,0
colorbench_00007,D,,0
colorbench_00008,A,,0
colorbench_00009,D,S,0
colorbench_00010,A,,0
colorbench_00011,D,,0
colorbench_00012,D,,0
colorbench_00013,D,S,0
colorbench_00014,A,,0
colorbench_00015,B,,0
colorbench_00016,C,,0
colorbench_00017,B,,0
colorbench_00018,B,,0
colorbench_00019,B,,0
colorbench_00020,D,,0
colorbench_00021,C,,0
colorbench_00022,D,,0
colorbench_00023,A,,0
colorbench_00024,C,,0
colorbench_00025,D,,0
colorbench_00026,C,,0
colorbench_00027,C,,0
colorbench_00028,B,,0
colorbench_00029,B,,0
colorbench_00030,A,,0
colorbench_00031,C,,0
colorbench_00032,C,,0
colorbench_00033,D,,0
colorbench_00034,D,,0
colorbench_00035,D,,0
colorbench_00036,A,,0
colorbench_00037,B,,0
colorbench_00038,B,,0
colorbench_00039,A,,0
colorbench_00040,C,,0
colorbench_00041,C,,0
colorbench_00042,C,,0
colorbench_00043,C,B,0
colorbench_00044,A,,0
colorbench_00045,A,,0
colorbench_00046,B,,0
colorbench_00047,B,,0
colorbench_00048,A,,0
colorbench_00049,B,,0
colorbench_00050,B,,0
colorbench_00051,A,,0
colorbench_00052,B,,0
colorbench_00053,A,D,0
colorbench_00054,C,,0
colorbench_00055,A,,0
colorbench_00056,C,,0
colorbench_00057,C,B,0
colorbench_00058,A,D,0
colorbench_00059,A,,0
colorbench_00060,C,,0
colorbench_00061,A,,0
colorbench_00062,C,,0
colorbench_00063,A,,0
colorbench_00064,D,,0
colorbench_00065,B,,0
colorbench_00066,D,,0
colorbench_00067,A,,0
colorbench_00068,D,,0
colorbench_00069,D,,0
colorbench_00070,D,,0
colorbench_00071,A,,0
colorbench_00072,C,,0
colorbench_00073,D,,0
colorbench_00074,D,,0
colorbench_00075,D,,0
colorbench_00076,A,,0
colorbench_00077,B,,0
colorbench_00078,D,,0
colorbench_00079,D,,0
colorbench_00080,D,,0
colorbench_00081,D,,0
colorbench_00082,D,,0
colorbench_00083,B,B,1
colorbench_00084,D,,0
colorbench_00085,D,,0
colorbench_00086,C,,0
colorbench_00087,C,,0
colorbench_00088,D,,0
colorbench_00089,C,,0
colorbench_00090,D,,0
colorbench_00091,D,,0
colorbench_00092,C,,0
colorbench_00093,A,,0
colorbench_00094,A,,0
colorbench_00095,B,,0
colorbench_00096,B,,0
colorbench_00097,C,,0
colorbench_00098,B,,0
colorbench_00099,C,,0
colorbench_00100,C,,0
colorbench_00101,B,,0
colorbench_00000,D,,0
colorbench_00001,D,A,0
colorbench_00002,D,A,0
colorbench_00003,C,,0
colorbench_00004,D,B,0
colorbench_00005,B,B,1
colorbench_00006,C,B,0
colorbench_00007,D,,0
colorbench_00008,A,,0
colorbench_00009,D,B,0
colorbench_00010,A,A,1
colorbench_00011,D,A,0
colorbench_00012,D,A,0
colorbench_00013,D,D,1
colorbench_00014,A,A,1
colorbench_00015,B,A,0
colorbench_00016,C,A,0
colorbench_00017,B,,0
colorbench_00018,B,,0
colorbench_00019,B,,0
colorbench_00020,D,,0
colorbench_00021,C,,0
colorbench_00022,D,B,0
colorbench_00023,A,B,0
colorbench_00024,C,D,0
colorbench_00025,D,,0
colorbench_00026,C,D,0
colorbench_00027,C,,0
colorbench_00028,B,,0
colorbench_00029,B,B,1
colorbench_00030,A,,0
colorbench_00031,C,B,0
colorbench_00032,C,,0
colorbench_00033,D,,0
colorbench_00034,D,,0
colorbench_00035,D,B,0
colorbench_00036,A,,0
colorbench_00037,B,,0
colorbench_00038,B,,0
colorbench_00039,A,,0
colorbench_00040,C,A,0
colorbench_00041,C,B,0
colorbench_00042,C,,0
colorbench_00043,C,B,0
colorbench_00044,A,D,0
colorbench_00045,A,A,1
colorbench_00046,B,,0
colorbench_00047,B,A,0
colorbench_00048,A,A,1
colorbench_00049,B,A,0
colorbench_00050,B,B,1
colorbench_00051,A,,0
colorbench_00052,B,A,0
colorbench_00053,A,B,0
colorbench_00054,C,,0
colorbench_00055,A,B,0
colorbench_00056,C,B,0
colorbench_00057,C,B,0
colorbench_00058,A,A,1
colorbench_00059,A,,0
colorbench_00060,C,S,0
colorbench_00061,A,,0
colorbench_00062,C,,0
colorbench_00063,A,,0
colorbench_00064,D,A,0
colorbench_00065,B,B,1
colorbench_00066,D,B,0
colorbench_00067,A,D,0
colorbench_00068,D,A,0
colorbench_00069,D,,0
colorbench_00070,D,,0
colorbench_00071,A,,0
colorbench_00072,C,B,0
colorbench_00073,D,,0
colorbench_00074,D,A,0
colorbench_00075,D,,0
colorbench_00076,A,B,0
colorbench_00077,B,,0
colorbench_00078,D,,0
colorbench_00079,D,B,0
colorbench_00080,D,,0
colorbench_00081,D,D,1
colorbench_00082,D,,0
colorbench_00083,B,,0
colorbench_00084,D,B,0
colorbench_00085,D,B,0
colorbench_00086,C,A,0
colorbench_00087,C,,0
colorbench_00088,D,,0
colorbench_00089,C,,0
colorbench_00090,D,B,0
colorbench_00091,D,A,0
colorbench_00092,C,,0
colorbench_00093,A,,0
colorbench_00094,A,,0
colorbench_00095,B,,0
colorbench_00096,B,D,0
colorbench_00097,C,,0
colorbench_00098,B,D,0
colorbench_00099,C,D,0
colorbench_00100,C,,0
colorbench_00101,B,,0
colorbench_00102,B,D,0
colorbench_00000,D,B,0
colorbench_00001,D,B,0
colorbench_00002,D,B,0
colorbench_00003,C,B,0
colorbench_00004,D,B,0
colorbench_00005,B,B,1
colorbench_00006,C,B,0
colorbench_00007,D,B,0
colorbench_00008,A,B,0
colorbench_00009,D,B,0
colorbench_00010,A,B,0
colorbench_00011,D,B,0
colorbench_00012,D,B,0
colorbench_00013,D,B,0
colorbench_00014,A,B,0
colorbench_00015,B,C,0
colorbench_00016,C,C,1
colorbench_00017,B,B,1
colorbench_00018,B,B,1
colorbench_00019,B,C,0
colorbench_00020,D,B,0
colorbench_00021,C,B,0
colorbench_00022,D,B,0
colorbench_00023,A,B,0
colorbench_00024,C,B,0
colorbench_00025,D,B,0
colorbench_00026,C,B,0
colorbench_00027,C,B,0
colorbench_00028,B,B,1
colorbench_00029,B,B,1
colorbench_00030,A,B,0
colorbench_00031,C,B,0
colorbench_00032,C,B,0
colorbench_00033,D,B,0
colorbench_00034,D,B,0
colorbench_00035,D,B,0
colorbench_00036,A,B,0
colorbench_00037,B,C,0
colorbench_00038,B,B,1
colorbench_00039,A,B,0
colorbench_00040,C,B,0
colorbench_00041,C,B,0
colorbench_00042,C,B,0
colorbench_00043,C,B,0
colorbench_00044,A,B,0
colorbench_00045,A,B,0
colorbench_00046,B,B,1
colorbench_00047,B,B,1
colorbench_00048,A,B,0
colorbench_00049,B,C,0
colorbench_00050,B,B,1
colorbench_00051,A,B,0
colorbench_00052,B,C,0
colorbench_00053,A,C,0
colorbench_00054,C,C,1
colorbench_00055,A,B,0
colorbench_00056,C,B,0
colorbench_00057,C,B,0
colorbench_00058,A,C,0
colorbench_00059,A,B,0
colorbench_00060,C,B,0
colorbench_00061,A,B,0
colorbench_00062,C,B,0
colorbench_00063,A,B,0
colorbench_00064,D,B,0
colorbench_00065,B,B,1
colorbench_00066,D,C,0
colorbench_00067,A,B,0
colorbench_00068,D,B,0
colorbench_00069,D,B,0
colorbench_00070,D,B,0
colorbench_00071,A,B,0
colorbench_00072,C,B,0
colorbench_00073,D,B,0
colorbench_00074,D,B,0
colorbench_00075,D,B,0
colorbench_00000,D,,0
colorbench_00001,D,,0
colorbench_00002,D,,0
colorbench_00003,C,,0
colorbench_00004,D,,0
colorbench_00005,B,,0
colorbench_00006,C,,0
colorbench_00007,D,,0
colorbench_00008,A,,0
colorbench_00009,D,,0
colorbench_00010,A,,0
colorbench_00011,D,,0
colorbench_00012,D,,0
colorbench_00013,D,,0
colorbench_00014,A,,0
colorbench_00015,B,,0
colorbench_00016,C,,0
colorbench_00017,B,,0
colorbench_00018,B,,0
colorbench_00019,B,,0
colorbench_00020,D,,0
colorbench_00021,C,,0
colorbench_00022,D,,0
colorbench_00023,A,,0
colorbench_00024,C,,0
colorbench_00025,D,,0
colorbench_00026,C,,0
colorbench_00027,C,,0
colorbench_00028,B,,0
colorbench_00029,B,,0
colorbench_00030,A,B,0
colorbench_00031,C,B,0
colorbench_00032,C,B,0
colorbench_00033,D,B,0
colorbench_00034,D,B,0
colorbench_00035,D,B,0
colorbench_00036,A,B,0
colorbench_00037,B,B,1
colorbench_00038,B,B,1
colorbench_00039,A,B,0
colorbench_00040,C,B,0
colorbench_00041,C,B,0
colorbench_00042,C,B,0
colorbench_00043,C,B,0
colorbench_00044,A,B,0
colorbench_00045,A,B,0
colorbench_00046,B,B,1
colorbench_00047,B,B,1
colorbench_00048,A,B,0
colorbench_00049,B,B,1
colorbench_00050,B,,0
colorbench_00051,A,,0
colorbench_00052,B,,0
colorbench_00053,A,B,0
colorbench_00054,C,B,0
colorbench_00055,A,,0
colorbench_00056,C,,0
colorbench_00057,C,,0
colorbench_00058,A,,0
colorbench_00059,A,,0
colorbench_00060,C,B,0
colorbench_00061,A,B,0
colorbench_00062,C,,0
colorbench_00063,A,B,0
colorbench_00064,D,,0
colorbench_00065,B,,0
colorbench_00066,D,B,0
colorbench_00067,A,,0
colorbench_00068,D,B,0
colorbench_00069,D,,0
colorbench_00070,D,B,0
colorbench_00071,A,B,0
colorbench_00072,C,,0
colorbench_00073,D,,0
colorbench_00074,D,,0
colorbench_00075,D,B,0
colorbench_00076,A,,0
colorbench_00077,B,,0
colorbench_00078,D,B,0
colorbench_00079,D,B,0
colorbench_00080,D,,0
colorbench_00081,D,A,0
colorbench_00082,D,,0
colorbench_00083,B,B,1
colorbench_00084,D,B,0
colorbench_00085,D,B,0
colorbench_00086,C,B,0
colorbench_00087,C,B,0
colorbench_00088,D,,0
colorbench_00089,C,B,0
colorbench_00090,D,,0
colorbench_00091,D,B,0
colorbench_00092,C,,0
colorbench_00000,D,B,0
colorbench_00001,D,A,0
colorbench_00002,D,A,0
colorbench_00003,C,B,0
colorbench_00004,D,B,0
colorbench_00005,B,B,1
colorbench_00006,C,B,0
colorbench_00007,D,B,0
colorbench_00008,A,B,0
colorbench_00009,D,B,0
colorbench_00010,A,B,0
colorbench_00011,D,B,0
colorbench_00012,D,B,0
colorbench_00013,D,A,0
colorbench_00014,A,A,1
colorbench_00015,B,A,0
colorbench_00016,C,B,0
colorbench_00017,B,B,1
colorbench_00018,B,A,0
colorbench_00019,B,B,1
colorbench_00020,D,B,0
colorbench_00021,C,B,0
colorbench_00022,D,B,0
colorbench_00023,A,B,0
colorbench_00024,C,B,0
colorbench_00025,D,B,0
colorbench_00026,C,A,0
colorbench_00027,C,B,0
colorbench_00028,B,B,1
colorbench_00029,B,B,1
colorbench_00030,A,B,0
colorbench_00031,C,B,0
colorbench_00032,C,B,0
colorbench_00033,D,A,0
colorbench_00034,D,B,0
colorbench_00035,D,B,0
colorbench_00036,A,B,0
colorbench_00037,B,B,1
colorbench_00038,B,B,1
colorbench_00039,A,B,0
colorbench_00040,C,A,0
colorbench_00041,C,B,0
colorbench_00042,C,A,0
colorbench_00043,C,B,0
colorbench_00044,A,B,0
colorbench_00045,A,B,0
colorbench_00046,B,B,1
colorbench_00047,B,B,1
colorbench_00048,A,B,0
colorbench_00049,B,B,1
colorbench_00050,B,B,1
colorbench_00051,A,B,0
colorbench_00052,B,B,1
colorbench_00053,A,B,0
colorbench_00054,C,B,0
colorbench_00055,A,B,0
colorbench_00056,C,B,0
colorbench_00057,C,B,0
colorbench_00058,A,B,0
colorbench_00059,A,A,1
colorbench_00060,C,B,0
colorbench_00061,A,B,0
colorbench_00062,C,B,0
colorbench_00063,A,B,0
colorbench_00064,D,B,0
colorbench_00065,B,B,1
colorbench_00066,D,B,0
colorbench_00067,A,B,0
colorbench_00068,D,B,0
colorbench_00069,D,B,0
colorbench_00000,D,B,0
colorbench_00001,D,B,0
colorbench_00002,D,B,0
colorbench_00003,C,B,0
colorbench_00004,D,B,0
colorbench_00005,B,B,1
colorbench_00006,C,B,0
colorbench_00007,D,B,0
colorbench_00008,A,B,0
colorbench_00009,D,B,0
colorbench_00010,A,B,0
colorbench_00011,D,B,0
colorbench_00012,D,B,0
colorbench_00013,D,B,0
colorbench_00014,A,B,0
colorbench_00015,B,B,1
colorbench_00016,C,B,0
colorbench_00017,B,B,1
colorbench_00018,B,B,1
colorbench_00019,B,B,1
colorbench_00020,D,B,0
colorbench_00021,C,B,0
colorbench_00022,D,B,0
colorbench_00023,A,B,0
colorbench_00024,C,B,0
colorbench_00025,D,B,0
colorbench_00026,C,B,0
colorbench_00027,C,B,0
colorbench_00028,B,B,1
colorbench_00029,B,B,1
colorbench_00030,A,B,0
colorbench_00031,C,B,0
colorbench_00032,C,B,0
colorbench_00033,D,B,0
colorbench_00034,D,B,0
colorbench_00035,D,B,0
colorbench_00036,A,B,0
colorbench_00037,B,B,1
colorbench_00038,B,B,1
colorbench_00039,A,B,0
colorbench_00040,C,B,0
colorbench_00041,C,B,0
colorbench_00042,C,B,0
colorbench_00043,C,B,0
colorbench_00044,A,B,0
colorbench_00045,A,B,0
colorbench_00046,B,B,1
colorbench_00047,B,B,1
colorbench_00048,A,B,0
colorbench_00049,B,B,1
colorbench_00050,B,B,1
colorbench_00051,A,B,0
colorbench_00052,B,B,1
colorbench_00053,A,B,0
colorbench_00054,C,B,0
colorbench_00055,A,B,0
colorbench_00056,C,B,0
colorbench_00057,C,B,0
colorbench_00058,A,B,0
colorbench_00059,A,B,0
colorbench_00060,C,B,0
colorbench_00061,A,B,0
colorbench_00062,C,B,0
colorbench_00063,A,B,0
colorbench_00064,D,B,0
colorbench_00065,B,B,1
colorbench_00066,D,B,0
colorbench_00067,A,B,0
colorbench_00068,D,B,0
colorbench_00069,D,B,0
colorbench_00070,D,B,0
colorbench_00071,A,B,0
colorbench_00072,C,B,0
colorbench_00073,D,B,0
colorbench_00074,D,B,0
colorbench_00075,D,B,0
colorbench_00076,A,B,0
colorbench_00077,B,B,1
colorbench_00078,D,B,0
colorbench_00079,D,B,0
colorbench_00000,D,B,0
colorbench_00001,D,B,0
colorbench_00002,D,B,0
colorbench_00003,C,B,0
colorbench_00004,D,B,0
colorbench_00005,B,B,1
colorbench_00006,C,B,0
colorbench_00007,D,B,0
colorbench_00008,A,,0
colorbench_00009,D,B,0
colorbench_00010,A,B,0
colorbench_00011,D,B,0
colorbench_00012,D,B,0
colorbench_00013,D,C,0
colorbench_00014,A,C,0
colorbench_00015,B,C,0
colorbench_00016,C,C,1
colorbench_00017,B,B,1
colorbench_00018,B,B,1
colorbench_00019,B,B,1
colorbench_00020,D,B,0
colorbench_00021,C,D,0
colorbench_00022,D,B,0
colorbench_00023,A,B,0
colorbench_00024,C,B,0
colorbench_00025,D,C,0
colorbench_00026,C,B,0
colorbench_00027,C,B,0
colorbench_00028,B,D,0
colorbench_00029,B,B,1
colorbench_00030,A,C,0
colorbench_00031,C,B,0
colorbench_00032,C,D,0
colorbench_00033,D,B,0
colorbench_00034,D,B,0
colorbench_00035,D,B,0
colorbench_00036,A,B,0
colorbench_00037,B,B,1
colorbench_00038,B,B,1
colorbench_00039,A,B,0
colorbench_00040,C,B,0
colorbench_00041,C,B,0
colorbench_00042,C,B,0
colorbench_00043,C,B,0
colorbench_00044,A,B,0
colorbench_00045,A,D,0
colorbench_00046,B,B,1
colorbench_00047,B,B,1
colorbench_00048,A,B,0
colorbench_00049,B,B,1
colorbench_00050,B,B,1
colorbench_00051,A,B,0
colorbench_00052,B,B,1
colorbench_00053,A,B,0
colorbench_00054,C,B,0
colorbench_00055,A,C,0
colorbench_00056,C,B,0
colorbench_00057,C,B,0
colorbench_00058,A,B,0
colorbench_00059,A,B,0
colorbench_00060,C,B,0
colorbench_00061,A,B,0
colorbench_00062,C,B,0
colorbench_00063,A,C,0
colorbench_00064,D,B,0
colorbench_00065,B,C,0
colorbench_00066,D,B,0
colorbench_00067,A,C,0
colorbench_00068,D,A,0
colorbench_00069,D,B,0
colorbench_00070,D,B,0
colorbench_00071,A,B,0
colorbench_00072,C,B,0
colorbench_00073,D,B,0
colorbench_00074,D,C,0
colorbench_00075,D,B,0
colorbench_00076,A,A,1
colorbench_00000,D,,0
colorbench_00001,D,,0
colorbench_00002,D,,0
colorbench_00003,C,,0
colorbench_00004,D,,0
colorbench_00005,B,,0
colorbench_00006,C,,0
colorbench_00007,D,,0
colorbench_00008,A,,0
colorbench_00009,D,,0
colorbench_00010,A,,0
colorbench_00011,D,,0
colorbench_00012,D,,0
colorbench_00013,D,,0
colorbench_00014,A,,0
colorbench_00015,B,,0
colorbench_00016,C,,0
colorbench_00017,B,,0
colorbench_00018,B,,0
colorbench_00019,B,,0
colorbench_00020,D,,0
colorbench_00021,C,,0
colorbench_00022,D,,0
colorbench_00023,A,,0
colorbench_00024,C,,0
colorbench_00025,D,,0
colorbench_00026,C,,0
colorbench_00027,C,,0
colorbench_00028,B,,0
colorbench_00029,B,,0
colorbench_00030,A,,0
colorbench_00031,C,,0
colorbench_00032,C,,0
colorbench_00033,D,,0
colorbench_00034,D,,0
colorbench_00035,D,,0
colorbench_00036,A,,0
colorbench_00037,B,,0
colorbench_00038,B,,0
colorbench_00039,A,,0
colorbench_00040,C,,0
colorbench_00041,C,G,0
colorbench_00042,C,,0
colorbench_00043,C,,0
colorbench_00044,A,,0
colorbench_00045,A,,0
colorbench_00046,B,,0
colorbench_00047,B,,0
colorbench_00048,A,,0
colorbench_00049,B,,0
colorbench_00050,B,,0
colorbench_00051,A,,0
colorbench_00052,B,,0
colorbench_00053,A,,0
colorbench_00054,C,,0
colorbench_00055,A,,0
colorbench_00056,C,,0
colorbench_00057,C,,0
colorbench_00058,A,,0
colorbench_00059,A,,0
colorbench_00060,C,,0
colorbench_00061,A,,0
colorbench_00062,C,,0
colorbench_00063,A,,0
colorbench_00064,D,,0
colorbench_00065,B,,0
colorbench_00066,D,,0
colorbench_00067,A,,0
colorbench_00068,D,,0
colorbench_00069,D,,0
colorbench_00070,D,,0
colorbench_00071,A,,0
colorbench_00072,C,,0
colorbench_00073,D,,0
colorbench_00074,D,,0
colorbench_00075,D,,0
colorbench_00076,A,,0
colorbench_00077,B,,0
colorbench_00078,D,,0
colorbench_00079,D,,0
colorbench_00080,D,,0
colorbench_00081,D,,0
colorbench_00082,D,,0
colorbench_00083,B,,0
colorbench_00084,D,,0
colorbench_00085,D,,0
colorbench_00086,C,,0
colorbench_00087,C,,0
colorbench_00088,D,,0
colorbench_00089,C,,0
colorbench_00090,D,,0
colorbench_00091,D,,0
colorbench_00092,C,,0
colorbench_00093,A,,0
colorbench_00094,A,,0
colorbench_00095,B,,0
colorbench_00955,C,A,0
colorbench_00957,B,A,0
colorbench_00959,B,A,0
colorbench_00961,A,A,1
colorbench_00963,C,A,0
colorbench_00965,B,A,0
colorbench_00967,B,A,0
colorbench_00969,A,A,1
colorbench_00971,B,A,0
colorbench_00973,B,A,0
colorbench_00975,B,A,0
colorbench_00977,B,A,0
colorbench_00979,C,A,0
colorbench_00981,B,A,0
colorbench_00983,D,A,0
colorbench_00985,A,A,1
colorbench_00987,D,G,0
colorbench_00989,B,A,0
colorbench_00991,B,A,0
colorbench_00993,F,C,0
colorbench_00995,E,A,0
colorbench_00997,C,A,0
colorbench_00999,C,A,0
colorbench_01001,A,A,1
colorbench_01003,A,A,1
colorbench_01005,D,A,0
colorbench_01007,B,A,0
colorbench_01009,C,,0
colorbench_01011,B,A,0
colorbench_01013,B,A,0
colorbench_01015,F,A,0
colorbench_01017,D,A,0
colorbench_01019,D,A,0
colorbench_01021,A,A,1
colorbench_01023,E,C,0
colorbench_01025,D,,0
colorbench_01027,B,A,0
colorbench_01029,A,A,1
colorbench_01031,C,A,0
colorbench_01033,A,A,1
colorbench_01035,E,A,0
colorbench_01037,B,A,0
colorbench_01039,A,A,1
colorbench_01041,C,A,0
colorbench_01043,A,A,1
colorbench_01045,B,A,0
colorbench_01047,B,A,0
colorbench_01049,D,A,0
colorbench_01051,B,A,0
colorbench_01053,A,A,1
colorbench_01055,C,A,0
colorbench_01057,C,A,0
colorbench_01059,B,A,0
colorbench_01061,A,A,1
colorbench_01063,A,B,0
colorbench_01065,A,B,0
colorbench_01067,B,A,0
colorbench_01069,A,A,1
colorbench_01071,B,,0
colorbench_01073,B,B,1
colorbench_01075,B,A,0
colorbench_01077,A,B,0
colorbench_01079,B,B,1
colorbench_01081,B,B,1
colorbench_01083,A,B,0
colorbench_01085,A,A,1
colorbench_01087,B,A,0
colorbench_01089,B,,0
colorbench_01091,B,A,0
colorbench_01093,A,B,0
colorbench_01095,A,A,1
colorbench_01097,A,A,1
colorbench_01099,B,A,0
colorbench_01101,B,A,0
colorbench_01103,B,B,1
colorbench_01105,A,B,0
colorbench_01107,A,C,0
colorbench_01109,A,A,1
colorbench_01111,B,A,0
colorbench_01113,B,C,0
colorbench_01115,A,B,0
colorbench_01117,A,A,1
colorbench_01119,A,,0
colorbench_01121,A,,0
colorbench_01123,A,,0
colorbench_01125,B,,0
colorbench_01127,B,B,1
colorbench_01129,B,A,0
colorbench_01131,A,,0
colorbench_01133,B,,0
colorbench_01135,B,B,1
colorbench_01137,A,B,0
colorbench_01139,B,,0
colorbench_01141,A,,0
colorbench_01143,A,C,0
colorbench_01145,B,,0
colorbench_01147,B,A,0
colorbench_01149,B,,0
colorbench_01151,A,A,1
colorbench_01153,B,,0
colorbench_01155,A,A,1
colorbench_01157,B,A,0
colorbench_01159,A,C,0
colorbench_01161,A,A,1
colorbench_01163,B,C,0
colorbench_01165,B,B,1
colorbench_01167,A,A,1
colorbench_01169,A,A,1
colorbench_01171,B,A,0
colorbench_01173,A,,0
colorbench_01175,A,B,0
colorbench_01177,B,,0
colorbench_01179,B,B,1
colorbench_01181,B,C,0
colorbench_01183,B,,0
colorbench_01185,B,A,0
colorbench_01187,A,,0
colorbench_01189,A,,0
colorbench_01191,B,,0
colorbench_01193,B,A,0
colorbench_01195,A,B,0
colorbench_01197,B,B,1
colorbench_01199,B,C,0
colorbench_01201,A,,0
colorbench_01203,A,B,0
colorbench_01205,A,,0
colorbench_01207,A,C,0
colorbench_01209,A,C,0
colorbench_01211,A,B,0
colorbench_01213,B,B,1
colorbench_01215,B,A,0
colorbench_01217,D,A,0
colorbench_01219,A,C,0
colorbench_01221,E,A,0
colorbench_01223,D,A,0
colorbench_01225,E,A,0
colorbench_01227,A,A,1
colorbench_01229,D,A,0
colorbench_01231,A,A,1
colorbench_01233,A,A,1
colorbench_01235,B,A,0
colorbench_01237,C,A,0
colorbench_01239,D,A,0
colorbench_01241,C,A,0
colorbench_01243,C,A,0
colorbench_01245,A,A,1
colorbench_01247,E,A,0
colorbench_01249,C,A,0
colorbench_01251,D,A,0
colorbench_01253,C,A,0
colorbench_01255,B,A,0
colorbench_01257,A,A,1
colorbench_01259,C,A,0
colorbench_01261,D,A,0
colorbench_01263,C,A,0
colorbench_01265,D,A,0
colorbench_01267,A,A,1
colorbench_01269,C,A,0
colorbench_01271,C,A,0
colorbench_01273,B,A,0
colorbench_01275,C,A,0
colorbench_01277,B,A,0
colorbench_01279,A,A,1
colorbench_01281,B,A,0
colorbench_01283,C,A,0
colorbench_01285,B,A,0
colorbench_01287,C,A,0
colorbench_01289,D,A,0
colorbench_01291,C,A,0
colorbench_01293,C,A,0
colorbench_01295,F,A,0
colorbench_01297,E,A,0
colorbench_01299,D,A,0
colorbench_01301,F,A,0
colorbench_01303,C,A,0
colorbench_01305,B,A,0
colorbench_01307,A,A,1
colorbench_01309,D,A,0
colorbench_01311,C,A,0
colorbench_01313,D,A,0
colorbench_01315,E,A,0
colorbench_01317,A,A,1
colorbench_01319,C,A,0
colorbench_01321,D,A,0
colorbench_01323,D,A,0
colorbench_01325,C,A,0
colorbench_01327,B,A,0
colorbench_01329,D,A,0
colorbench_01331,B,A,0
colorbench_01333,C,A,0
colorbench_01335,A,A,1
colorbench_01337,D,A,0
colorbench_01339,D,A,0
colorbench_01341,C,A,0
colorbench_01343,C,,0
colorbench_01345,A,A,1
colorbench_01347,B,A,0
colorbench_01349,B,A,0
colorbench_01351,B,A,0
colorbench_01353,D,A,0
colorbench_01355,B,A,0
colorbench_01357,F,A,0
colorbench_01359,D,A,0
colorbench_01361,F,A,0
colorbench_01363,A,A,1
colorbench_01365,B,A,0
colorbench_01367,D,A,0
colorbench_01369,A,,0
colorbench_01371,B,A,0
colorbench_01373,B,A,0
colorbench_01375,A,A,1
colorbench_01377,D,A,0
colorbench_01379,C,A,0
colorbench_01381,D,A,0
colorbench_01383,E,A,0
colorbench_01385,C,A,0
colorbench_01387,B,A,0
colorbench_01389,D,A,0
colorbench_01391,B,A,0
colorbench_01393,C,A,0
colorbench_01395,D,A,0
colorbench_01397,B,A,0
colorbench_01399,A,A,1
colorbench_01401,D,A,0
colorbench_01403,A,A,1
colorbench_01405,D,A,0
colorbench_01407,C,,0
colorbench_01409,C,A,0
colorbench_01411,E,A,0
colorbench_01413,B,A,0
colorbench_01415,D,A,0
colorbench_01417,D,A,0
colorbench_01419,E,A,0
colorbench_01421,D,A,0
colorbench_01423,D,A,0
colorbench_01425,A,A,1
colorbench_01427,B,A,0
colorbench_01429,D,A,0
colorbench_01431,D,B,0
colorbench_01433,C,A,0
colorbench_01435,D,A,0
colorbench_01437,B,A,0
colorbench_01439,A,A,1
colorbench_01441,B,A,0
colorbench_01443,B,A,0
colorbench_01445,C,A,0
colorbench_01447,B,A,0
colorbench_01449,D,A,0
colorbench_01451,C,A,0
colorbench_01453,B,A,0
colorbench_01455,D,A,0
colorbench_01457,D,A,0
colorbench_01459,C,A,0
colorbench_01461,A,A,1
colorbench_01463,D,A,0
colorbench_01465,E,A,0
colorbench_01467,D,A,0
colorbench_01469,A,A,1
colorbench_01471,D,A,0
colorbench_01473,A,A,1
colorbench_01475,F,A,0
colorbench_01477,B,A,0
colorbench_01479,B,A,0
colorbench_01481,B,A,0
colorbench_01483,A,,0
colorbench_01485,B,,0
colorbench_01487,B,,0
colorbench_01489,A,A,1
colorbench_01491,B,,0
colorbench_01493,A,A,1
colorbench_01495,A,B,0
colorbench_01497,B,B,1
colorbench_01499,A,B,0
colorbench_01501,A,,0
colorbench_01503,B,,0
colorbench_01505,B,B,1
colorbench_01507,A,,0
colorbench_01509,B,,0
colorbench_01511,B,B,1
colorbench_01513,A,C,0
colorbench_01515,A,B,0
colorbench_01517,A,A,1
colorbench_01519,B,B,1
colorbench_01521,A,,0
colorbench_01523,A,A,1
colorbench_01525,B,B,1
colorbench_01527,B,C,0
colorbench_01529,B,A,0
colorbench_01531,B,A,0
colorbench_01533,A,C,0
colorbench_01535,A,B,0
colorbench_01537,B,,0
colorbench_01539,B,B,1
colorbench_01541,A,B,0
colorbench_01543,B,B,1
colorbench_01545,A,,0
colorbench_01547,A,B,0
colorbench_01549,B,B,1
colorbench_01551,B,A,0
colorbench_01553,A,,0
colorbench_01555,A,B,0
colorbench_01557,A,B,0
colorbench_01559,A,B,0
colorbench_01561,A,A,1
colorbench_01563,B,C,0
colorbench_01565,A,A,1
colorbench_01567,B,,0
colorbench_01569,A,B,0
colorbench_01571,B,B,1
colorbench_01573,A,,0
colorbench_01575,A,B,0
colorbench_01577,B,A,0
colorbench_01579,A,B,0
colorbench_01581,B,,0
colorbench_01583,A,B,0
colorbench_01585,A,,0
colorbench_01587,B,B,1
colorbench_01589,A,,0
colorbench_01591,B,B,1
colorbench_01593,A,,0
colorbench_01595,A,,0
colorbench_01597,A,A,1
colorbench_01599,B,B,1
colorbench_01601,B,B,1
colorbench_01603,A,B,0
colorbench_01605,A,C,0
colorbench_01607,A,,0
colorbench_01609,B,B,1
colorbench_01611,A,A,1
colorbench_01613,B,C,0
colorbench_01615,A,,0
colorbench_01617,A,,0
colorbench_01619,A,,0
colorbench_01621,B,,0
colorbench_01623,B,,0
colorbench_01625,B,C,0
colorbench_01627,B,A,0
colorbench_01629,A,B,0
colorbench_01631,B,B,1
colorbench_01633,A,A,1
colorbench_01635,B,C,0
colorbench_01637,B,B,1
colorbench_01639,A,A,1
colorbench_01641,A,A,1
colorbench_01643,A,,0
colorbench_01645,B,,0
colorbench_01647,B,,0
colorbench_01649,B,B,1
colorbench_01651,A,B,0
colorbench_01653,B,B,1
colorbench_01655,A,A,1
colorbench_01657,A,C,0
colorbench_01659,B,A,0
colorbench_01661,A,,0
colorbench_01663,A,B,0
colorbench_01665,A,C,0
colorbench_01667,B,B,1
colorbench_01669,B,B,1
colorbench_01671,B,B,1
colorbench_01673,B,A,0
colorbench_01675,A,B,0
colorbench_01677,B,A,0
colorbench_01679,A,A,1
colorbench_01681,B,C,0
colorbench_01683,B,B,1
colorbench_01685,A,C,0
colorbench_01687,A,A,1
colorbench_01689,A,A,1
colorbench_01691,A,B,0
colorbench_01693,A,A,1
colorbench_01695,B,A,0
colorbench_01697,A,,0
colorbench_01699,B,C,0
colorbench_01701,B,B,1
colorbench_01703,B,A,0
colorbench_01705,B,A,0
colorbench_01707,A,B,0
colorbench_01709,A,C,0
colorbench_01711,B,B,1
colorbench_01713,A,B,0
colorbench_01715,A,C,0
colorbench_01717,B,,0
colorbench_01719,A,A,1
colorbench_01721,B,A,0
colorbench_01723,B,C,0
colorbench_01725,A,B,0
colorbench_01727,A,,0
colorbench_01729,A,B,0
colorbench_01731,A,B,0
colorbench_01733,B,,0
colorbench_01735,A,B,0
colorbench_01737,B,,0
colorbench_01739,A,B,0
colorbench_01741,A,B,0
colorbench_01743,B,,0
colorbench_01745,A,B,0
colorbench_01747,B,,0
colorbench_01749,A,,0
colorbench_01751,A,,0
colorbench_01753,A,,0
colorbench_01755,B,,0
colorbench_01757,A,,0
colorbench_01759,A,,0
colorbench_01761,A,,0
colorbench_01763,A,,0
colorbench_01765,A,B,0
colorbench_01767,B,,0
colorbench_01769,B,,0
colorbench_01771,A,,0
colorbench_01773,B,,0
colorbench_01775,B,,0
colorbench_01777,A,,0
colorbench_01779,B,,0
colorbench_01781,B,,0
colorbench_01783,B,B,1
colorbench_01785,A,,0
colorbench_01787,A,,0
colorbench_01789,B,,0
colorbench_01791,A,,0
colorbench_01793,B,,0
colorbench_01795,A,,0
colorbench_01797,B,,0
colorbench_01799,B,B,1
colorbench_01801,A,B,0
colorbench_01803,B,,0
colorbench_01805,A,,0
colorbench_01807,A,,0
colorbench_01809,B,B,1
colorbench_01811,A,,0
colorbench_01813,B,B,1
colorbench_01815,B,,0
colorbench_01817,A,,0
colorbench_01819,B,,0
colorbench_01821,A,,0
colorbench_01823,B,,0
colorbench_01825,B,B,1
colorbench_01827,B,,0
colorbench_01829,A,,0
colorbench_01831,B,,0
colorbench_01833,A,A,1
colorbench_01835,A,,0
colorbench_01837,A,,0
colorbench_01839,B,,0
colorbench_01841,B,,0
colorbench_01843,A,,0
colorbench_01845,A,,0
colorbench_01847,B,B,1
colorbench_01849,A,,0
colorbench_01851,A,,0
colorbench_01853,A,,0
colorbench_01855,B,,0
colorbench_01857,B,,0
colorbench_01859,A,B,0
colorbench_01861,A,,0
colorbench_01863,B,,0
colorbench_01865,B,,0
colorbench_01867,B,,0
colorbench_01869,B,,0
colorbench_01871,B,,0
colorbench_01873,A,,0
colorbench_01875,B,,0
colorbench_01877,A,,0
colorbench_01879,A,,0
colorbench_01881,A,,0
colorbench_01883,B,,0
colorbench_01885,A,,0
colorbench_01887,A,,0
colorbench_01889,A,,0
colorbench_01891,B,,0
colorbench_01893,B,,0
colorbench_01895,A,,0
colorbench_01897,A,,0
colorbench_01899,B,,0
colorbench_01901,B,,0
colorbench_01903,A,,0
colorbench_01905,A,,0
colorbench_01907,B,,0
colorbench_01909,B,,0
colorbench_01911,A,,0
colorbench_01913,B,,0
colorbench_01915,B,,0
colorbench_01917,B,,0
colorbench_01919,B,,0
colorbench_01921,B,,0
colorbench_01923,B,,0
colorbench_01925,A,,0
colorbench_01927,B,,0
colorbench_01929,A,,0
colorbench_01931,B,,0
colorbench_01933,B,,0
colorbench_01935,A,,0
colorbench_01937,A,,0
colorbench_01939,B,,0
colorbench_01941,C,B,0
colorbench_01943,C,B,0
colorbench_01945,C,B,0
colorbench_01947,B,B,1
colorbench_01949,B,B,1
colorbench_01951,B,B,1
colorbench_01953,D,B,0
colorbench_01955,D,B,0
colorbench_01957,D,B,0
colorbench_01959,D,B,0
colorbench_01961,D,B,0
colorbench_01963,D,B,0
colorbench_01965,E,B,0
colorbench_01967,E,B,0
colorbench_01969,E,B,0
colorbench_01971,D,B,0
colorbench_01973,D,B,0
colorbench_01975,D,B,0
colorbench_01977,D,B,0
colorbench_01979,D,B,0
colorbench_01981,D,B,0
colorbench_01983,A,B,0
colorbench_01985,A,B,0
colorbench_01987,A,B,0
colorbench_01989,B,B,1
colorbench_01991,B,B,1
colorbench_01993,B,B,1
colorbench_01995,D,B,0
colorbench_01997,D,B,0
colorbench_01999,D,B,0
colorbench_02001,D,B,0
colorbench_02003,D,B,0
colorbench_02005,D,B,0
colorbench_02007,C,B,0
colorbench_02009,C,B,0
colorbench_02011,C,B,0
colorbench_02013,D,B,0
colorbench_02015,D,B,0
colorbench_02017,D,B,0
colorbench_02019,B,B,1
colorbench_02021,B,B,1
colorbench_02023,B,B,1
colorbench_02025,A,B,0
colorbench_02027,A,B,0
colorbench_02029,A,B,0
colorbench_02031,B,B,1
colorbench_02033,B,B,1
colorbench_02035,B,B,1
colorbench_02037,B,B,1
colorbench_02039,B,B,1
colorbench_02041,B,B,1
colorbench_02043,C,B,0
colorbench_02045,C,B,0
colorbench_02047,C,B,0
colorbench_02049,B,B,1
colorbench_02051,B,B,1
colorbench_02053,B,B,1
colorbench_02055,D,B,0
colorbench_02057,D,B,0
colorbench_02059,D,B,0
colorbench_02061,C,B,0
colorbench_02063,C,B,0
colorbench_02065,C,B,0
colorbench_02067,B,B,1
colorbench_02069,B,B,1
colorbench_02071,B,B,1
colorbench_02073,D,B,0
colorbench_02075,D,B,0
colorbench_02077,D,B,0
colorbench_02079,D,B,0
colorbench_02081,D,B,0
colorbench_02083,D,B,0
colorbench_02085,C,B,0
colorbench_02087,C,,0
colorbench_02089,C,B,0
colorbench_02091,A,B,0
colorbench_02093,A,B,0
colorbench_02095,A,B,0
colorbench_02097,D,B,0
colorbench_02099,D,B,0
colorbench_02101,D,B,0
colorbench_02103,E,B,0
colorbench_02105,E,B,0
colorbench_02107,E,B,0
colorbench_02109,D,B,0
colorbench_02111,D,B,0
colorbench_02113,D,B,0
colorbench_02115,A,B,0
colorbench_02117,A,B,0
colorbench_02119,A,B,0
colorbench_02121,D,B,0
colorbench_02123,D,B,0
colorbench_02125,D,B,0
colorbench_02127,A,B,0
colorbench_02129,A,B,0
colorbench_02131,A,B,0
colorbench_02133,F,B,0
colorbench_02135,F,B,0
colorbench_02137,F,B,0
colorbench_02139,B,B,1
colorbench_02141,B,B,1
colorbench_02143,B,B,1
colorbench_02145,B,B,1
colorbench_02147,B,B,1
colorbench_02149,B,B,1
colorbench_02151,B,B,1
colorbench_02153,B,B,1
colorbench_02155,B,B,1
colorbench_02157,B,A,0
colorbench_02159,B,A,0
colorbench_02161,B,A,0
colorbench_02163,A,,0
colorbench_02165,A,,0
colorbench_02167,A,,0
colorbench_02169,B,,0
colorbench_02171,B,,0
colorbench_02173,B,,0
colorbench_02175,B,,0
colorbench_02177,B,,0
colorbench_02179,B,,0
colorbench_02181,A,A,1
colorbench_02183,A,A,1
colorbench_02185,A,A,1
colorbench_02187,B,B,1
colorbench_02189,B,B,1
colorbench_02191,B,B,1
colorbench_02193,A,,0
colorbench_02195,A,,0
colorbench_02197,A,A,1
colorbench_02199,A,B,0
colorbench_02201,A,B,0
colorbench_02203,A,B,0
colorbench_02205,B,,0
colorbench_02207,B,A,0
colorbench_02209,B,,0
colorbench_02211,A,B,0
colorbench_02213,A,B,0
colorbench_02215,A,B,0
colorbench_02217,A,A,1
colorbench_02219,A,A,1
colorbench_02221,A,,0
colorbench_02223,B,B,1
colorbench_02225,B,B,1
colorbench_02227,B,B,1
colorbench_02229,B,,0
colorbench_02231,B,,0
colorbench_02233,B,B,1
colorbench_02235,A,,0
colorbench_02237,A,,0
colorbench_02239,A,,0
colorbench_02241,B,,0
colorbench_02243,B,,0
colorbench_02245,B,,0
colorbench_02247,B,B,1
colorbench_02249,B,B,1
colorbench_02251,B,B,1
colorbench_02253,A,B,0
colorbench_02255,A,B,0
colorbench_02257,A,B,0
colorbench_02259,A,B,0
colorbench_02261,A,B,0
colorbench_02263,A,B,0
colorbench_02265,A,A,1
colorbench_02267,A,A,1
colorbench_02269,A,A,1
colorbench_02271,B,,0
colorbench_02273,B,,0
colorbench_02275,B,B,1
colorbench_02277,A,B,0
colorbench_02279,A,,0
colorbench_02281,A,,0
colorbench_02283,A,B,0
colorbench_02285,A,B,0
colorbench_02287,A,B,0
colorbench_02289,B,B,1
colorbench_02291,B,B,1
colorbench_02293,B,B,1
colorbench_02295,B,B,1
colorbench_02297,B,B,1
colorbench_02299,B,B,1
colorbench_02301,B,B,1
colorbench_02303,B,B,1
colorbench_02305,B,B,1
colorbench_02307,B,B,1
colorbench_02309,B,B,1
colorbench_02311,B,B,1
colorbench_02313,A,B,0
colorbench_02315,A,B,0
colorbench_02317,A,B,0
colorbench_02319,A,,0
colorbench_02321,A,B,0
colorbench_02323,A,B,0
colorbench_02325,B,,0
colorbench_02327,B,,0
colorbench_02329,B,,0
colorbench_02331,B,,0
colorbench_02333,B,B,1
colorbench_02335,B,B,1
colorbench_02337,A,B,0
colorbench_02339,A,B,0
colorbench_02341,A,B,0
colorbench_02343,B,B,1
colorbench_02345,B,B,1
colorbench_02347,B,B,1
colorbench_02349,A,,0
colorbench_02351,A,B,0
colorbench_02353,A,,0
colorbench_02355,A,,0
colorbench_02357,A,B,0
colorbench_02359,A,B,0
colorbench_02361,B,B,1
colorbench_02363,B,B,1
colorbench_02365,B,B,1
colorbench_02367,B,A,0
colorbench_02369,B,A,0
colorbench_02371,B,A,0
colorbench_02373,A,,0
colorbench_02375,A,B,0
colorbench_02377,A,,0
colorbench_02379,B,B,1
colorbench_02381,B,B,1
colorbench_02383,B,B,1
colorbench_02385,A,B,0
colorbench_02387,A,B,0
colorbench_02389,A,B,0
colorbench_02391,A,B,0
colorbench_02393,A,B,0
colorbench_02395,A,B,0
colorbench_02397,B,B,1
colorbench_02399,B,B,1
colorbench_02401,B,B,1
colorbench_02403,A,B,0
colorbench_02405,A,B,0
colorbench_02407,A,B,0
colorbench_02409,A,A,1
colorbench_02411,A,A,1
colorbench_02413,A,A,1
colorbench_02415,B,A,0
colorbench_02417,B,,0
colorbench_02419,B,A,0
colorbench_02421,A,A,1
colorbench_02423,A,A,1
colorbench_02425,A,A,1
colorbench_02427,B,,0
colorbench_02429,B,,0
colorbench_02431,B,,0
colorbench_02433,A,B,0
colorbench_02435,A,B,0
colorbench_02437,A,B,0
colorbench_02439,B,B,1
colorbench_02441,B,B,1
colorbench_02443,B,B,1
colorbench_02445,A,,0
colorbench_02447,A,,0
colorbench_02449,A,A,1
colorbench_02451,A,A,1
colorbench_02453,A,B,0
colorbench_02455,A,B,0
colorbench_02457,B,A,0
colorbench_02459,B,B,1
colorbench_02461,B,B,1
colorbench_02463,A,B,0
colorbench_02465,A,B,0
colorbench_02467,A,B,0
colorbench_02469,B,,0
colorbench_02471,B,,0
colorbench_02473,B,,0
colorbench_02475,A,A,1
colorbench_02477,A,B,0
colorbench_02479,A,B,0
colorbench_02481,A,,0
colorbench_02483,A,,0
colorbench_02485,A,,0
colorbench_02487,B,B,1
colorbench_02489,B,B,1
colorbench_02491,B,B,1
colorbench_02493,F,B,0
colorbench_02495,F,B,0
colorbench_02497,F,B,0
colorbench_02499,A,,0
colorbench_02501,A,,0
colorbench_02503,A,,0
colorbench_02505,B,B,1
colorbench_02507,B,B,1
colorbench_02509,B,A,0
colorbench_02511,A,A,1
colorbench_02513,A,,0
colorbench_02515,A,,0
colorbench_02517,A,,0
colorbench_02519,A,,0
colorbench_02521,A,,0
colorbench_02523,E,A,0
colorbench_02525,E,A,0
colorbench_02527,E,A,0
colorbench_02529,A,B,0
colorbench_02531,A,,0
colorbench_02533,A,B,0
colorbench_02535,B,,0
colorbench_02537,B,B,1
colorbench_02539,B,B,1
colorbench_02541,B,B,1
colorbench_02543,B,B,1
colorbench_02545,B,B,1
colorbench_02547,A,A,1
colorbench_02549,A,A,1
colorbench_02551,A,A,1
colorbench_02553,A,A,1
colorbench_02555,A,A,1
colorbench_02557,A,A,1
colorbench_02559,A,,0
colorbench_02561,A,,0
colorbench_02563,A,,0
colorbench_02565,B,A,0
colorbench_02567,B,A,0
colorbench_02569,B,A,0
colorbench_02571,A,B,0
colorbench_02573,A,B,0
colorbench_02575,A,B,0
colorbench_02577,B,B,1
colorbench_02579,B,B,1
colorbench_02581,B,B,1
colorbench_02583,A,,0
colorbench_02585,A,,0
colorbench_02587,A,,0
colorbench_02589,A,,0
colorbench_02591,A,,0
colorbench_02593,A,,0
colorbench_02595,A,,0
colorbench_02597,A,,0
colorbench_02599,A,,0
colorbench_02601,B,,0
colorbench_02603,B,,0
colorbench_02605,B,,0
colorbench_02607,B,B,1
colorbench_02609,B,B,1
colorbench_02611,B,A,0
colorbench_02613,B,,0
colorbench_02615,B,,0
colorbench_02617,B,,0
colorbench_02619,B,A,0
colorbench_02621,B,A,0
colorbench_02623,B,A,0
colorbench_02625,A,B,0
colorbench_02627,A,B,0
colorbench_02629,A,B,0
colorbench_02631,B,A,0
colorbench_02633,B,A,0
colorbench_02635,B,B,1
colorbench_02637,A,,0
colorbench_02639,A,,0
colorbench_02641,A,,0
colorbench_02643,B,B,1
colorbench_02645,B,B,1
colorbench_02647,B,B,1
colorbench_02649,B,A,0
colorbench_02651,B,A,0
colorbench_02653,B,,0
colorbench_02655,A,B,0
colorbench_02657,A,B,0
colorbench_02659,A,B,0
colorbench_02661,A,A,1
colorbench_02663,A,A,1
colorbench_02665,A,A,1
colorbench_02667,A,,0
colorbench_02669,A,,0
colorbench_02671,A,B,0
colorbench_02673,B,,0
colorbench_02675,B,,0
colorbench_02677,B,,0
colorbench_02679,C,B,0
colorbench_02681,C,B,0
colorbench_02683,C,B,0
colorbench_02685,B,,0
colorbench_02687,B,,0
colorbench_02689,B,,0
colorbench_02691,B,,0
colorbench_02693,B,A,0
colorbench_02695,B,A,0
colorbench_02697,A,B,0
colorbench_02699,A,B,0
colorbench_02701,A,B,0
colorbench_02703,B,B,1
colorbench_02705,B,B,1
colorbench_02707,B,B,1
colorbench_02709,A,A,1
colorbench_02711,A,A,1
colorbench_02713,A,A,1
colorbench_02715,A,B,0
colorbench_02717,A,B,0
colorbench_02719,A,B,0
colorbench_02721,B,A,0
colorbench_02723,B,A,0
colorbench_02725,B,A,0
colorbench_02727,A,,0
colorbench_02729,A,,0
colorbench_02731,A,A,1
colorbench_02733,A,B,0
colorbench_02735,A,B,0
colorbench_02737,A,B,0
colorbench_02739,C,B,0
colorbench_02741,C,B,0
colorbench_02743,C,B,0
colorbench_02745,A,,0
colorbench_02747,A,A,1
colorbench_02749,A,A,1
colorbench_02751,B,A,0
colorbench_02753,B,A,0
colorbench_02755,B,A,0
colorbench_02757,B,B,1
colorbench_02759,B,B,1
colorbench_02761,B,B,1
colorbench_02763,B,B,1
colorbench_02765,B,,0
colorbench_02767,B,B,1
colorbench_02769,B,,0
colorbench_02771,B,A,0
colorbench_02773,B,A,0
colorbench_02775,A,A,1
colorbench_02777,A,A,1
colorbench_02779,A,A,1
colorbench_02781,B,B,1
colorbench_02783,B,B,1
colorbench_02785,B,B,1
colorbench_02787,A,B,0
colorbench_02789,A,B,0
colorbench_02791,A,B,0
colorbench_02793,B,B,1
colorbench_02795,B,B,1
colorbench_02797,B,B,1
colorbench_02799,B,B,1
colorbench_02801,B,B,1
colorbench_02803,B,B,1
colorbench_02805,A,B,0
colorbench_02807,A,B,0
colorbench_02809,A,B,0
colorbench_02811,A,,0
colorbench_02813,A,,0
colorbench_02815,A,A,1
colorbench_02817,A,B,0
colorbench_02819,A,B,0
colorbench_02821,A,B,0
colorbench_02823,A,B,0
colorbench_02825,A,B,0
colorbench_02827,A,B,0
colorbench_02829,A,A,1
colorbench_02831,A,A,1
colorbench_02833,A,A,1
colorbench_02835,A,A,1
colorbench_02837,A,A,1
colorbench_02839,A,B,0
colorbench_02841,B,A,0
colorbench_02843,B,,0
colorbench_02845,B,A,0
colorbench_02847,A,,0
colorbench_02849,A,,0
colorbench_02851,A,A,1
colorbench_02853,B,B,1
colorbench_02855,B,B,1
colorbench_02857,B,B,1
colorbench_02859,B,,0
colorbench_02861,B,B,1
colorbench_02863,B,,0
colorbench_02865,B,B,1
colorbench_02867,B,B,1
colorbench_02869,B,B,1
colorbench_02871,B,B,1
colorbench_02873,B,,0
colorbench_02875,B,B,1
colorbench_02877,A,B,0
colorbench_02879,A,B,0
colorbench_02881,A,B,0
colorbench_02883,A,B,0
colorbench_02885,A,B,0
colorbench_02887,A,B,0
colorbench_02889,B,B,1
colorbench_02891,B,B,1
colorbench_02893,B,B,1
colorbench_02895,A,B,0
colorbench_02897,A,B,0
colorbench_02899,A,B,0
colorbench_02901,A,B,0
colorbench_02903,A,B,0
colorbench_02905,A,B,0
colorbench_02907,A,B,0
colorbench_02909,A,B,0
colorbench_02911,A,B,0
colorbench_02913,B,,0
colorbench_02915,B,,0
colorbench_02917,B,,0
colorbench_02919,A,A,1
colorbench_02921,A,A,1
colorbench_02923,A,,0
colorbench_02925,B,B,1
colorbench_02927,B,B,1
colorbench_02929,B,B,1
colorbench_02931,B,B,1
colorbench_02933,B,,0
colorbench_02935,B,B,1
colorbench_02937,A,A,1
colorbench_02939,A,A,1
colorbench_02941,A,A,1
colorbench_02943,A,A,1
colorbench_02945,A,A,1
colorbench_02947,A,A,1
colorbench_02949,A,A,1
colorbench_02951,A,A,1
colorbench_02953,A,A,1
colorbench_02955,A,A,1
colorbench_02957,A,A,1
colorbench_02959,A,A,1
colorbench_02961,B,A,0
colorbench_02963,B,,0
colorbench_02965,B,A,0
colorbench_02967,D,B,0
colorbench_02969,D,B,0
colorbench_02971,D,B,0
colorbench_02973,A,A,1
colorbench_02975,A,A,1
colorbench_02977,A,A,1
colorbench_02979,B,A,0
colorbench_02981,B,A,0
colorbench_02983,B,A,0
colorbench_02985,A,A,1
colorbench_02987,A,A,1
colorbench_02989,A,A,1
colorbench_02991,A,A,1
colorbench_02993,A,A,1
colorbench_02995,A,,0
colorbench_02997,B,A,0
colorbench_02999,B,A,0
colorbench_03001,B,A,0
colorbench_03003,A,A,1
colorbench_03005,A,A,1
colorbench_03007,A,A,1
colorbench_03009,B,A,0
colorbench_03011,B,,0
colorbench_03013,B,A,0
colorbench_03015,A,A,1
colorbench_03017,A,A,1
colorbench_03019,A,A,1
colorbench_03021,A,A,1
colorbench_03023,A,A,1
colorbench_03025,A,A,1
colorbench_03027,A,A,1
colorbench_03029,A,A,1
colorbench_03031,A,A,1
colorbench_03033,B,B,1
colorbench_03035,B,B,1
colorbench_03037,B,A,0
colorbench_03039,A,A,1
colorbench_03041,A,,0
colorbench_03043,A,,0
colorbench_03045,A,,0
colorbench_03047,A,,0
colorbench_03049,A,A,1
colorbench_03051,A,A,1
colorbench_03053,A,A,1
colorbench_03055,A,A,1
colorbench_03057,A,A,1
colorbench_03059,A,A,1
colorbench_03061,A,A,1
colorbench_03063,A,B,0
colorbench_03065,A,A,1
colorbench_03067,A,B,0
colorbench_03069,B,,0
colorbench_03071,B,,0
colorbench_03073,B,A,0
colorbench_03075,B,,0
colorbench_03077,B,,0
colorbench_03079,B,,0
colorbench_03081,A,,0
colorbench_03083,A,,0
colorbench_03085,A,,0
colorbench_03087,B,A,0
colorbench_03089,B,A,0
colorbench_03091,B,A,0
colorbench_03093,B,,0
colorbench_03095,B,,0
colorbench_03097,B,,0
colorbench_03099,A,A,1
colorbench_03101,A,A,1
colorbench_03103,A,A,1
colorbench_03105,A,B,0
colorbench_03107,A,B,0
colorbench_03109,A,B,0
colorbench_03111,B,B,1
colorbench_03113,B,B,1
colorbench_03115,B,B,1
colorbench_03117,B,A,0
colorbench_03119,B,A,0
colorbench_03121,B,A,0
colorbench_03123,B,,0
colorbench_03125,B,A,0
colorbench_03127,B,A,0
colorbench_03129,B,A,0
colorbench_03131,B,A,0
colorbench_03133,B,,0
colorbench_03135,A,A,1
colorbench_03137,A,A,1
colorbench_03139,A,A,1
colorbench_03141,A,A,1
colorbench_03143,A,A,1
colorbench_03145,A,A,1
colorbench_03147,B,A,0
colorbench_03149,B,,0
colorbench_03151,B,A,0
colorbench_03153,A,B,0
colorbench_03155,A,B,0
colorbench_03157,A,B,0
colorbench_03159,B,A,0
colorbench_03161,B,A,0
colorbench_03163,B,A,0
colorbench_03165,A,A,1
colorbench_03167,A,A,1
colorbench_03169,A,A,1
colorbench_03171,B,,0
colorbench_03173,B,A,0
colorbench_03175,B,,0
colorbench_03177,B,A,0
colorbench_03179,B,A,0
colorbench_03181,B,A,0
colorbench_03183,A,A,1
colorbench_03185,A,A,1
colorbench_03187,A,A,1
colorbench_03189,B,B,1
colorbench_03191,B,B,1
colorbench_03193,B,A,0
colorbench_03195,A,A,1
colorbench_03197,A,,0
colorbench_03199,A,A,1
colorbench_03201,A,A,1
colorbench_03203,A,A,1
colorbench_03205,A,A,1
colorbench_03207,B,A,0
colorbench_03209,B,,0
colorbench_03211,B,A,0
colorbench_03213,A,A,1
colorbench_03215,A,A,1
colorbench_03217,A,A,1
colorbench_03219,B,A,0
colorbench_03221,B,A,0
colorbench_03223,B,A,0
colorbench_03225,B,A,0
colorbench_03227,B,A,0
colorbench_03229,B,,0
colorbench_03231,A,,0
colorbench_03233,A,,0
colorbench_03235,A,,0
colorbench_03237,C,B,0
colorbench_03239,C,B,0
colorbench_03241,C,B,0
colorbench_03243,B,,0
colorbench_03245,B,,0
colorbench_03247,B,,0
colorbench_03249,A,,0
colorbench_03251,A,,0
colorbench_03253,A,,0
colorbench_03255,B,A,0
colorbench_03257,B,,0
colorbench_03259,B,,0
colorbench_03261,B,A,0
colorbench_03263,B,,0
colorbench_03265,B,,0
colorbench_03267,B,A,0
colorbench_03269,B,A,0
colorbench_03271,B,,0
colorbench_03273,B,B,1
colorbench_03275,B,B,1
colorbench_03277,B,B,1
colorbench_03279,A,,0
colorbench_03281,A,,0
colorbench_03283,A,,0
colorbench_03285,B,,0
colorbench_03287,B,,0
colorbench_03289,B,,0
colorbench_03291,A,A,1
colorbench_03293,A,A,1
colorbench_03295,A,A,1
colorbench_03297,A,A,1
colorbench_03299,A,A,1
colorbench_03301,A,A,1
colorbench_03303,A,A,1
colorbench_03305,A,A,1
colorbench_03307,A,A,1
colorbench_03309,B,,0
colorbench_03311,B,,0
colorbench_03313,B,,0
colorbench_03315,B,,0
colorbench_03317,B,A,0
colorbench_03319,B,B,1
colorbench_03321,A,,0
colorbench_03323,A,,0
colorbench_03325,A,,0
colorbench_03327,A,A,1
colorbench_03329,A,,0
colorbench_03331,A,A,1
colorbench_03333,B,A,0
colorbench_03335,B,A,0
colorbench_03337,B,A,0
colorbench_03339,A,,0
colorbench_03341,A,,0
colorbench_03343,A,,0
colorbench_03345,A,,0
colorbench_03347,A,,0
colorbench_03349,A,,0
colorbench_03351,B,B,1
colorbench_03353,B,,0
colorbench_03355,B,,0
colorbench_03357,A,,0
colorbench_03359,A,A,1
colorbench_03361,A,,0
colorbench_03363,B,,0
colorbench_03365,B,A,0
colorbench_03367,B,A,0
colorbench_03369,B,,0
colorbench_03371,B,,0
colorbench_03373,B,,0
colorbench_03375,A,A,1
colorbench_03377,A,B,0
colorbench_03379,A,A,1
colorbench_03381,A,,0
colorbench_03383,A,,0
colorbench_03385,A,,0
colorbench_03387,B,B,1
colorbench_03389,B,B,1
colorbench_03391,B,,0
colorbench_03393,F,B,0
colorbench_03395,F,B,0
colorbench_03397,F,B,0
colorbench_03399,B,,0
colorbench_03401,B,,0
colorbench_03403,B,,0
colorbench_03405,B,,0
colorbench_03407,B,A,0
colorbench_03409,B,,0
colorbench_03411,D,B,0
colorbench_03413,D,B,0
colorbench_03415,D,B,0
colorbench_03417,B,A,0
colorbench_03419,B,A,0
colorbench_03421,B,,0
colorbench_03423,B,,0
colorbench_03425,B,,0
colorbench_03427,B,,0
colorbench_03429,D,B,0
colorbench_03431,D,B,0
colorbench_03433,D,B,0
colorbench_03435,A,,0
colorbench_03437,A,,0
colorbench_03439,A,,0
colorbench_03441,A,B,0
colorbench_03443,A,B,0
colorbench_03445,A,B,0
colorbench_03447,E,B,0
colorbench_03449,E,B,0
colorbench_03451,E,B,0
colorbench_03453,B,,0
colorbench_03455,B,,0
colorbench_03457,B,,0
colorbench_03459,A,,0
colorbench_03461,A,,0
colorbench_03463,A,,0
colorbench_03465,A,A,1
colorbench_03467,A,,0
colorbench_03469,A,A,1
colorbench_03471,A,,0
colorbench_03473,A,,0
colorbench_03475,A,,0
colorbench_03477,B,,0
colorbench_03479,B,,0
colorbench_03481,B,,0
colorbench_03483,A,,0
colorbench_03485,A,,0
colorbench_03487,A,,0
colorbench_03489,C,B,0
colorbench_03491,C,B,0
colorbench_03493,C,B,0
colorbench_03495,A,A,1
colorbench_03497,A,,0
colorbench_03499,A,,0
colorbench_03501,A,,0
colorbench_03503,A,,0
colorbench_03505,A,,0
colorbench_03507,B,,0
colorbench_03509,B,,0
colorbench_03511,B,,0
colorbench_03513,B,,0
colorbench_03515,B,,0
colorbench_03517,B,,0
colorbench_03519,A,,0
colorbench_03521,A,,0
colorbench_03523,A,,0
colorbench_03525,A,,0
colorbench_03527,A,,0
colorbench_03529,A,,0
colorbench_03531,B,,0
colorbench_03533,B,,0
colorbench_03535,B,,0
colorbench_03537,D,B,0
colorbench_03539,D,B,0
colorbench_03541,D,B,0
colorbench_03543,B,A,0
colorbench_03545,B,,0
colorbench_03547,B,A,0
colorbench_03549,A,,0
colorbench_03551,A,,0
colorbench_03553,A,,0
colorbench_03555,A,,0
colorbench_03557,A,,0
colorbench_03559,A,,0
colorbench_03561,B,,0
colorbench_03563,B,,0
colorbench_03565,B,,0
colorbench_03567,B,,0
colorbench_03569,B,A,0
colorbench_03571,B,A,0
colorbench_03573,A,,0
colorbench_03575,A,,0
colorbench_03577,A,,0
colorbench_03579,B,A,0
colorbench_03581,B,A,0
colorbench_03583,B,A,0
colorbench_03585,B,B,1
colorbench_03587,B,B,1
colorbench_03589,B,B,1
colorbench_03591,B,,0
colorbench_03593,B,,0
colorbench_03595,B,,0
colorbench_03597,B,,0
colorbench_03599,B,,0
colorbench_03601,B,,0
colorbench_03603,B,A,0
colorbench_03605,B,,0
colorbench_03607,B,,0
colorbench_03609,B,A,0
colorbench_03611,B,,0
colorbench_03613,B,A,0
colorbench_03615,B,,0
colorbench_03617,B,,0
colorbench_03619,B,,0
colorbench_03621,A,A,1
colorbench_03623,A,,0
colorbench_03625,A,,0
colorbench_03627,B,B,1
colorbench_03629,B,B,1
colorbench_03631,B,,0
colorbench_03633,B,B,1
colorbench_03635,B,B,1
colorbench_03637,B,B,1
colorbench_03639,A,,0
colorbench_03641,A,,0
colorbench_03643,A,,0
colorbench_03645,B,,0
colorbench_03647,B,,0
colorbench_03649,B,,0
colorbench_03651,B,,0
colorbench_03653,B,,0
colorbench_03655,B,,0
colorbench_03657,A,B,0
colorbench_03659,A,B,0
colorbench_03661,A,B,0
colorbench_03663,A,B,0
colorbench_03665,A,B,0
colorbench_03667,A,B,0
colorbench_03669,A,,0
colorbench_03671,A,,0
colorbench_03673,A,,0
colorbench_03675,B,,0
colorbench_03677,B,,0
colorbench_03679,B,,0
colorbench_03681,C,B,0
colorbench_03683,C,B,0
colorbench_03685,C,B,0
colorbench_03687,A,B,0
colorbench_03689,A,B,0
colorbench_03691,A,B,0
colorbench_03693,E,B,0
colorbench_03695,E,B,0
colorbench_03697,E,B,0
colorbench_03699,B,B,1
colorbench_03701,B,B,1
colorbench_03703,B,B,1
colorbench_03705,A,A,1
colorbench_03707,A,B,0
colorbench_03709,A,A,1
colorbench_03711,C,B,0
colorbench_03713,C,B,0
colorbench_03715,C,B,0
colorbench_03717,A,B,0
colorbench_03719,A,B,0
colorbench_03721,A,B,0
colorbench_03723,B,B,1
colorbench_03725,B,B,1
colorbench_03727,B,B,1
colorbench_03729,B,B,1
colorbench_03731,B,B,1
colorbench_03733,B,B,1
colorbench_03735,D,B,0
colorbench_03737,D,B,0
colorbench_03739,D,B,0
colorbench_03741,B,B,1
colorbench_03743,B,B,1
colorbench_03745,B,B,1
colorbench_03747,A,B,0
colorbench_03749,A,B,0
colorbench_03751,A,B,0
colorbench_03753,C,B,0
colorbench_03755,C,B,0
colorbench_03757,C,B,0
colorbench_03759,C,B,0
colorbench_03761,C,B,0
colorbench_03763,C,B,0
colorbench_03765,B,,0
colorbench_03767,B,,0
colorbench_03769,B,,0
colorbench_03771,A,B,0
colorbench_03773,A,B,0
colorbench_03775,A,B,0
colorbench_03777,A,A,1
colorbench_03779,A,A,1
colorbench_03781,A,A,1
colorbench_03783,A,B,0
colorbench_03785,A,B,0
colorbench_03787,A,B,0
colorbench_03789,B,B,1
colorbench_03791,B,B,1
colorbench_03793,B,B,1
colorbench_03795,A,A,1
colorbench_03797,A,A,1
colorbench_03799,A,A,1
colorbench_03801,B,,0
colorbench_03803,B,,0
colorbench_03805,B,,0
colorbench_03807,B,B,1
colorbench_03809,B,B,1
colorbench_03811,B,B,1
colorbench_03813,B,B,1
colorbench_03815,B,B,1
colorbench_03817,B,B,1
colorbench_03819,B,A,0
colorbench_03821,B,A,0
colorbench_03823,B,A,0
colorbench_03825,A,B,0
colorbench_03827,A,B,0
colorbench_03829,A,B,0
colorbench_03831,B,B,1
colorbench_03833,B,B,1
colorbench_03835,B,B,1
colorbench_03837,B,,0
colorbench_03839,B,,0
colorbench_03841,B,,0
colorbench_03843,A,B,0
colorbench_03845,A,B,0
colorbench_03847,A,B,0
colorbench_03849,A,A,1
colorbench_03851,A,A,1
colorbench_03853,A,A,1
colorbench_03855,B,B,1
colorbench_03857,B,B,1
colorbench_03859,B,B,1
colorbench_03861,B,,0
colorbench_03863,B,,0
colorbench_03865,B,,0
colorbench_03867,B,B,1
colorbench_03869,B,,0
colorbench_03871,B,B,1
colorbench_03873,A,B,0
colorbench_03875,A,B,0
colorbench_03877,A,B,0
colorbench_03879,A,A,1
colorbench_03881,A,,0
colorbench_03883,A,A,1
colorbench_03885,A,B,0
colorbench_03887,A,B,0
colorbench_03889,A,B,0
colorbench_03891,B,,0
colorbench_03893,B,,0
colorbench_03895,B,,0
colorbench_03897,B,A,0
colorbench_03899,B,A,0
colorbench_03901,B,A,0
colorbench_03903,B,B,1
colorbench_03905,B,B,1
colorbench_03907,B,B,1
colorbench_03909,A,B,0
colorbench_03911,A,B,0
colorbench_03913,A,B,0
colorbench_03915,A,B,0
colorbench_03917,A,B,0
colorbench_03919,A,B,0
colorbench_03921,A,,0
colorbench_03923,A,A,1
colorbench_03925,A,A,1
colorbench_03927,B,A,0
colorbench_03929,B,,0
colorbench_03931,B,B,1
colorbench_03933,B,,0
colorbench_03935,B,,0
colorbench_03937,B,,0
colorbench_03939,A,A,1
colorbench_03941,A,,0
colorbench_03943,A,B,0
colorbench_03945,A,,0
colorbench_03947,A,,0
colorbench_03949,A,,0
colorbench_03951,A,,0
colorbench_03953,A,,0
colorbench_03955,A,,0
colorbench_03957,A,,0
colorbench_03959,A,,0
colorbench_03961,A,,0
colorbench_03963,A,A,1
colorbench_03965,A,A,1
colorbench_03967,A,A,1
colorbench_03969,B,,0
colorbench_03971,B,,0
colorbench_03973,B,,0
colorbench_03975,B,,0
colorbench_03977,B,B,1
colorbench_03979,B,B,1
colorbench_03981,B,,0
colorbench_03983,B,,0
colorbench_03985,B,,0
colorbench_03987,A,,0
colorbench_03989,A,,0
colorbench_03991,A,,0
colorbench_03993,B,,0
colorbench_03995,B,,0
colorbench_03997,B,,0
colorbench_03999,B,B,1
colorbench_04001,B,B,1
colorbench_04003,B,B,1
colorbench_04005,A,A,1
colorbench_04007,A,B,0
colorbench_04009,A,B,0
colorbench_04011,B,A,0
colorbench_04013,B,,0
colorbench_04015,B,A,0
colorbench_04017,A,,0
colorbench_04019,A,,0
colorbench_04021,A,,0
colorbench_04023,A,A,1
colorbench_04025,A,A,1
colorbench_04027,A,A,1
colorbench_04029,B,,0
colorbench_04031,B,,0
colorbench_04033,B,,0
colorbench_04035,A,B,0
colorbench_04037,A,B,0
colorbench_04039,A,B,0
colorbench_04041,B,A,0
colorbench_04043,B,A,0
colorbench_04045,B,,0
colorbench_04047,B,,0
colorbench_04049,B,,0
colorbench_04051,B,,0
colorbench_04053,A,A,1
colorbench_04055,A,A,1
colorbench_04057,A,A,1
colorbench_04059,B,B,1
colorbench_04061,B,B,1
colorbench_04063,B,B,1
colorbench_04065,B,B,1
colorbench_04067,B,B,1
colorbench_04069,B,B,1
colorbench_04071,A,,0
colorbench_04073,A,,0
colorbench_04075,A,,0
colorbench_04077,B,B,1
colorbench_04079,B,B,1
colorbench_04081,B,B,1
colorbench_04083,B,B,1
colorbench_04085,B,B,1
colorbench_04087,B,B,1
colorbench_04089,A,B,0
colorbench_04091,A,B,0
colorbench_04093,A,B,0
colorbench_04095,A,A,1
colorbench_04097,A,A,1
colorbench_04099,A,A,1
colorbench_04101,B,B,1
colorbench_04103,B,B,1
colorbench_04105,B,B,1
colorbench_04107,B,B,1
colorbench_04109,B,B,1
colorbench_04111,B,B,1
colorbench_04113,A,B,0
colorbench_04115,A,B,0
colorbench_04117,A,B,0
colorbench_04119,A,,0
colorbench_04121,A,,0
colorbench_04123,A,A,1
colorbench_04125,B,A,0
colorbench_04127,B,A,0
colorbench_04129,B,A,0
colorbench_04131,A,,0
colorbench_04133,A,A,1
colorbench_04135,A,,0
colorbench_04137,B,B,1
colorbench_04139,B,B,1
colorbench_04141,B,B,1
colorbench_04143,A,A,1
colorbench_04145,A,A,1
colorbench_04147,A,A,1
colorbench_04149,B,,0
colorbench_04151,B,,0
colorbench_04153,B,B,1
colorbench_04155,B,,0
colorbench_04157,B,,0
colorbench_04159,B,B,1
colorbench_04161,B,B,1
colorbench_04163,B,B,1
colorbench_04165,B,B,1
colorbench_04167,B,,0
colorbench_04169,B,,0
colorbench_04171,B,B,1
colorbench_04173,B,B,1
colorbench_04175,B,B,1
colorbench_04177,B,B,1
colorbench_04179,A,,0
colorbench_04181,A,,0
colorbench_04183,A,,0
colorbench_04185,A,,0
colorbench_04187,A,A,1
colorbench_04189,A,,0
colorbench_04191,B,,0
colorbench_04193,B,,0
colorbench_04195,B,B,1
colorbench_04197,B,B,1
colorbench_04199,B,B,1
colorbench_04201,B,B,1
colorbench_04203,A,B,0
colorbench_04205,A,B,0
colorbench_04207,A,B,0
colorbench_04209,B,,0
colorbench_04211,B,,0
colorbench_04213,B,B,1
colorbench_04215,B,B,1
colorbench_04217,B,B,1
colorbench_04219,B,B,1
colorbench_04221,B,B,1
colorbench_04223,B,B,1
colorbench_04225,B,B,1
colorbench_04227,A,,0
colorbench_04229,A,,0
colorbench_04231,A,,0
colorbench_04233,A,B,0
colorbench_04235,A,B,0
colorbench_04237,A,B,0
colorbench_04239,A,B,0
colorbench_04241,A,B,0
colorbench_04243,A,B,0
colorbench_04245,A,B,0
colorbench_04247,A,B,0
colorbench_04249,A,B,0
colorbench_04251,A,B,0
colorbench_04253,A,B,0
colorbench_04255,A,B,0
colorbench_04257,A,B,0
colorbench_04259,A,B,0
colorbench_04261,A,B,0
colorbench_04263,B,B,1
colorbench_04265,B,B,1
colorbench_04267,B,B,1
colorbench_04269,B,,0
colorbench_04271,B,,0
colorbench_04273,B,,0
colorbench_04275,D,B,0
colorbench_04277,D,B,0
colorbench_04279,D,B,0
colorbench_04281,A,B,0
colorbench_04283,A,B,0
colorbench_04285,A,B,0
colorbench_04287,E,B,0
colorbench_04289,E,B,0
colorbench_04291,E,B,0
colorbench_04293,D,B,0
colorbench_04295,D,B,0
colorbench_04297,D,B,0
colorbench_04299,E,B,0
colorbench_04301,E,B,0
colorbench_04303,E,B,0
colorbench_04305,A,B,0
colorbench_04307,A,B,0
colorbench_04309,A,B,0
colorbench_04311,D,B,0
colorbench_04313,D,B,0
colorbench_04315,D,B,0
colorbench_04317,A,B,0
colorbench_04319,A,B,0
colorbench_04321,A,B,0
colorbench_04323,A,B,0
colorbench_04325,A,B,0
colorbench_04327,A,B,0
colorbench_04329,B,B,1
colorbench_04331,B,B,1
colorbench_04333,B,B,1
colorbench_04335,C,B,0
colorbench_04337,C,B,0
colorbench_04339,C,B,0
colorbench_04341,D,B,0
colorbench_04343,D,B,0
colorbench_04345,D,B,0
colorbench_04347,C,A,0
colorbench_04349,C,B,0
colorbench_04351,C,B,0
colorbench_04353,C,B,0
colorbench_04355,C,B,0
colorbench_04357,C,B,0
colorbench_04359,B,B,1
colorbench_04361,B,B,1
colorbench_04363,B,B,1
colorbench_04365,A,A,1
colorbench_04367,A,A,1
colorbench_04369,A,A,1
colorbench_04371,E,B,0
colorbench_04373,E,B,0
colorbench_04375,E,B,0
colorbench_04377,C,B,0
colorbench_04379,C,B,0
colorbench_04381,C,B,0
colorbench_04383,D,B,0
colorbench_04385,D,B,0
colorbench_04387,D,B,0
colorbench_04389,C,B,0
colorbench_04391,C,A,0
colorbench_04393,C,B,0
colorbench_04395,B,B,1
colorbench_04397,B,B,1
colorbench_04399,B,B,1
colorbench_04401,A,B,0
colorbench_04403,A,B,0
colorbench_04405,A,B,0
colorbench_04407,C,B,0
colorbench_04409,C,B,0
colorbench_04411,C,B,0
colorbench_04413,D,B,0
colorbench_04415,D,B,0
colorbench_04417,D,B,0
colorbench_04419,C,B,0
colorbench_04421,C,B,0
colorbench_04423,C,B,0
colorbench_04425,D,B,0
colorbench_04427,D,A,0
colorbench_04429,D,B,0
colorbench_04431,A,B,0
colorbench_04433,A,B,0
colorbench_04435,A,B,0
colorbench_04437,C,B,0
colorbench_04439,C,B,0
colorbench_04441,C,B,0
colorbench_04443,C,B,0
colorbench_04445,C,B,0
colorbench_04447,C,B,0
colorbench_04449,B,B,1
colorbench_04451,B,B,1
colorbench_04453,B,B,1
colorbench_04455,C,B,0
colorbench_04457,C,B,0
colorbench_04459,C,B,0
colorbench_04461,C,B,0
colorbench_04463,C,B,0
colorbench_04465,C,B,0
colorbench_04467,B,B,1
colorbench_04469,B,B,1
colorbench_04471,B,B,1
colorbench_04473,A,B,0
colorbench_04475,A,B,0
colorbench_04477,A,B,0
colorbench_04479,B,B,1
colorbench_04481,B,B,1
colorbench_04483,B,B,1
colorbench_04485,C,B,0
colorbench_04487,C,B,0
colorbench_04489,C,B,0
colorbench_04491,B,B,1
colorbench_04493,B,B,1
colorbench_04495,B,B,1
colorbench_04497,C,B,0
colorbench_04499,C,B,0
colorbench_04501,C,B,0
colorbench_04503,B,B,1
colorbench_04505,B,B,1
colorbench_04507,B,B,1
colorbench_04509,D,B,0
colorbench_04511,D,B,0
colorbench_04513,D,B,0
colorbench_04515,D,B,0
colorbench_04517,D,B,0
colorbench_04519,D,B,0
colorbench_04521,C,B,0
colorbench_04523,C,A,0
colorbench_04525,C,B,0
colorbench_04527,C,B,0
colorbench_04529,C,B,0
colorbench_04531,C,B,0
colorbench_04533,F,A,0
colorbench_04535,F,A,0
colorbench_04537,F,B,0
colorbench_04539,E,B,0
colorbench_04541,E,B,0
colorbench_04543,E,B,0
colorbench_04545,D,B,0
colorbench_04547,D,B,0
colorbench_04549,D,B,0
colorbench_04551,F,B,0
colorbench_04553,F,B,0
colorbench_04555,F,B,0
colorbench_04557,C,B,0
colorbench_04559,C,B,0
colorbench_04561,C,B,0
colorbench_04563,B,B,1
colorbench_04565,B,B,1
colorbench_04567,B,B,1
colorbench_04569,A,B,0
colorbench_04571,A,B,0
colorbench_04573,A,B,0
colorbench_04575,D,B,0
colorbench_04577,D,B,0
colorbench_04579,D,B,0
colorbench_04581,C,B,0
colorbench_04583,C,B,0
colorbench_04585,C,B,0
colorbench_04587,D,B,0
colorbench_04589,D,B,0
colorbench_04591,D,B,0
colorbench_04593,E,B,0
colorbench_04595,E,A,0
colorbench_04597,E,B,0
colorbench_04599,A,B,0
colorbench_04601,A,B,0
colorbench_04603,A,B,0
colorbench_04605,C,B,0
colorbench_04607,C,B,0
colorbench_04609,C,B,0
colorbench_04611,D,B,0
colorbench_04613,D,B,0
colorbench_04615,D,B,0
colorbench_04617,D,B,0
colorbench_04619,D,B,0
colorbench_04621,D,B,0
colorbench_04623,C,B,0
colorbench_04625,C,B,0
colorbench_04627,C,B,0
colorbench_04629,B,B,1
colorbench_04631,B,B,1
colorbench_04633,B,B,1
colorbench_04635,D,A,0
colorbench_04637,D,A,0
colorbench_04639,D,A,0
colorbench_04641,B,B,1
colorbench_04643,B,B,1
colorbench_04645,B,B,1
colorbench_04647,C,B,0
colorbench_04649,C,B,0
colorbench_04651,C,B,0
colorbench_04653,A,B,0
colorbench_04655,A,B,0
colorbench_04657,A,B,0
colorbench_04659,D,B,0
colorbench_04661,D,B,0
colorbench_04663,D,B,0
colorbench_04665,D,B,0
colorbench_04667,D,B,0
colorbench_04669,D,B,0
colorbench_04671,C,B,0
colorbench_04673,C,B,0
colorbench_04675,C,B,0
colorbench_04677,C,A,0
colorbench_04679,C,A,0
colorbench_04681,C,A,0
colorbench_04683,A,B,0
colorbench_04685,A,B,0
colorbench_04687,A,B,0
colorbench_04689,B,B,1
colorbench_04691,B,B,1
colorbench_04693,B,B,1
colorbench_04695,B,B,1
colorbench_04697,B,B,1
colorbench_04699,B,B,1
colorbench_04701,B,B,1
colorbench_04703,B,B,1
colorbench_04705,B,B,1
colorbench_04707,D,B,0
colorbench_04709,D,A,0
colorbench_04711,D,A,0
colorbench_04713,B,B,1
colorbench_04715,B,B,1
colorbench_04717,B,B,1
colorbench_04719,F,B,0
colorbench_04721,F,B,0
colorbench_04723,F,B,0
colorbench_04725,D,B,0
colorbench_04727,D,B,0
colorbench_04729,D,B,0
colorbench_04731,F,B,0
colorbench_04733,F,B,0
colorbench_04735,F,B,0
colorbench_04737,A,B,0
colorbench_04739,A,B,0
colorbench_04741,A,B,0
colorbench_04743,B,B,1
colorbench_04745,B,B,1
colorbench_04747,B,B,1
colorbench_04749,D,A,0
colorbench_04751,D,B,0
colorbench_04753,D,B,0
colorbench_04755,A,A,1
colorbench_04757,A,A,1
colorbench_04759,A,A,1
colorbench_04761,B,B,1
colorbench_04763,B,B,1
colorbench_04765,B,B,1
colorbench_04767,B,B,1
colorbench_04769,B,B,1
colorbench_04771,B,B,1
colorbench_04773,A,B,0
colorbench_04775,A,B,0
colorbench_04777,A,B,0
colorbench_04779,D,B,0
colorbench_04781,D,B,0
colorbench_04783,D,B,0
colorbench_04785,C,B,0
colorbench_04787,C,B,0
colorbench_04789,C,B,0
colorbench_04791,D,B,0
colorbench_04793,D,B,0
colorbench_04795,D,B,0
colorbench_04797,E,B,0
colorbench_04799,E,B,0
colorbench_04801,E,B,0
colorbench_04803,C,B,0
colorbench_04805,C,B,0
colorbench_04807,C,B,0
colorbench_04809,A,B,0
colorbench_04811,A,B,0
colorbench_04813,A,B,0
colorbench_04815,B,B,1
colorbench_04817,B,B,1
colorbench_04819,B,B,1
colorbench_04821,D,B,0
colorbench_04823,D,B,0
colorbench_04825,D,B,0
colorbench_04827,B,B,1
colorbench_04829,B,B,1
colorbench_04831,B,B,1
colorbench_04833,C,B,0
colorbench_04835,C,B,0
colorbench_04837,C,B,0
colorbench_04839,D,B,0
colorbench_04841,D,B,0
colorbench_04843,D,B,0
colorbench_04845,B,A,0
colorbench_04847,B,B,1
colorbench_04849,B,B,1
colorbench_04851,A,B,0
colorbench_04853,A,B,0
colorbench_04855,A,B,0
colorbench_04857,D,B,0
colorbench_04859,D,B,0
colorbench_04861,D,B,0
colorbench_04863,D,B,0
colorbench_04865,D,B,0
colorbench_04867,D,B,0
colorbench_04869,A,B,0
colorbench_04871,A,B,0
colorbench_04873,A,B,0
colorbench_04875,D,B,0
colorbench_04877,D,B,0
colorbench_04879,D,B,0
colorbench_04881,C,B,0
colorbench_04883,C,B,0
colorbench_04885,C,B,0
colorbench_04887,C,B,0
colorbench_04889,C,B,0
colorbench_04891,C,B,0
colorbench_04893,E,B,0
colorbench_04895,E,B,0
colorbench_04897,E,B,0
colorbench_04899,C,B,0
colorbench_04901,C,B,0
colorbench_04903,C,B,0
colorbench_04905,C,B,0
colorbench_04907,C,B,0
colorbench_04909,C,B,0
colorbench_04911,B,B,1
colorbench_04913,B,B,1
colorbench_04915,B,B,1
colorbench_04917,B,B,1
colorbench_04919,B,B,1
colorbench_04921,B,B,1
colorbench_04923,B,B,1
colorbench_04925,B,B,1
colorbench_04927,B,B,1
colorbench_04929,B,B,1
colorbench_04931,B,B,1
colorbench_04933,B,B,1
colorbench_04935,A,B,0
colorbench_04937,A,B,0
colorbench_04939,A,B,0
colorbench_04941,A,B,0
colorbench_04943,A,B,0
colorbench_04945,A,B,0
colorbench_04947,C,B,0
colorbench_04949,C,B,0
colorbench_04951,C,B,0
colorbench_04953,C,B,0
colorbench_04955,C,B,0
colorbench_04957,C,B,0
colorbench_04959,B,B,1
colorbench_04961,B,B,1
colorbench_04963,B,B,1
colorbench_04965,B,B,1
colorbench_04967,B,B,1
colorbench_04969,B,B,1
colorbench_04971,B,B,1
colorbench_04973,B,B,1
colorbench_04975,B,B,1
colorbench_04977,B,B,1
colorbench_04979,B,B,1
colorbench_04981,B,B,1
colorbench_04983,A,B,0
colorbench_04985,A,B,0
colorbench_04987,A,B,0
colorbench_04989,A,A,1
colorbench_04991,A,B,0
colorbench_04993,A,B,0
colorbench_04995,B,B,1
colorbench_04997,B,B,1
colorbench_04999,B,B,1
colorbench_05001,B,B,1
colorbench_05003,B,B,1
colorbench_05005,B,B,1
colorbench_05007,B,B,1
colorbench_05009,B,B,1
colorbench_05011,B,B,1
colorbench_05013,B,B,1
colorbench_05015,B,B,1
colorbench_05017,B,B,1
colorbench_05019,B,B,1
colorbench_05021,B,B,1
colorbench_05023,B,B,1
colorbench_05025,B,B,1
colorbench_05027,B,B,1
colorbench_05029,B,B,1
colorbench_05031,B,B,1
colorbench_05033,B,B,1
colorbench_05035,B,B,1
colorbench_05037,B,B,1
colorbench_05039,B,B,1
colorbench_05041,B,B,1
colorbench_05043,C,B,0
colorbench_05045,C,B,0
colorbench_05047,C,B,0
colorbench_05049,C,B,0
colorbench_05051,C,B,0
colorbench_05053,C,B,0
colorbench_05055,B,B,1
colorbench_05057,B,B,1
colorbench_05059,B,B,1
colorbench_05061,B,B,1
colorbench_05063,B,B,1
colorbench_05065,B,B,1
colorbench_05067,D,B,0
colorbench_05069,D,B,0
colorbench_05071,D,B,0
colorbench_05073,D,B,0
colorbench_05075,D,B,0
colorbench_05077,D,B,0
colorbench_05079,A,B,0
colorbench_05081,A,B,0
colorbench_05083,A,B,0
colorbench_05085,A,B,0
colorbench_05087,A,B,0
colorbench_05089,A,B,0
colorbench_05091,D,A,0
colorbench_05093,D,B,0
colorbench_05095,D,B,0
colorbench_05097,D,B,0
colorbench_05099,D,B,0
colorbench_05101,D,B,0
colorbench_05103,B,B,1
colorbench_05105,B,B,1
colorbench_05107,B,B,1
colorbench_05109,B,B,1
colorbench_05111,B,B,1
colorbench_05113,B,B,1
colorbench_05115,B,A,0
colorbench_05117,B,A,0
colorbench_05119,B,B,1
colorbench_05121,B,A,0
colorbench_05123,B,B,1
colorbench_05125,B,B,1
colorbench_05127,F,B,0
colorbench_05129,F,B,0
colorbench_05131,F,B,0
colorbench_05133,F,B,0
colorbench_05135,F,B,0
colorbench_05137,F,B,0
colorbench_05139,E,A,0
colorbench_05141,E,A,0
colorbench_05143,E,A,0
colorbench_05145,E,A,0
colorbench_05147,E,A,0
colorbench_05149,E,A,0
colorbench_05151,C,B,0
colorbench_05153,C,B,0
colorbench_05155,C,B,0
colorbench_05157,C,B,0
colorbench_05159,C,B,0
colorbench_05161,C,B,0
colorbench_05163,C,B,0
colorbench_05165,C,B,0
colorbench_05167,C,B,0
colorbench_05169,C,B,0
colorbench_05171,C,B,0
colorbench_05173,C,B,0
colorbench_05175,A,B,0
colorbench_05177,A,B,0
colorbench_05179,A,B,0
colorbench_05181,A,B,0
colorbench_05183,A,B,0
colorbench_05185,A,B,0
colorbench_05187,A,B,0
colorbench_05189,A,B,0
colorbench_05191,A,B,0
colorbench_05193,A,B,0
colorbench_05195,A,B,0
colorbench_05197,A,B,0
colorbench_05199,D,B,0
colorbench_05201,D,B,0
colorbench_05203,D,B,0
colorbench_05205,D,B,0
colorbench_05207,D,B,0
colorbench_05209,D,B,0
colorbench_05211,B,B,1
colorbench_05213,B,B,1
colorbench_05215,B,B,1
colorbench_05217,B,B,1
colorbench_05219,B,B,1
colorbench_05221,B,B,1
colorbench_05223,C,B,0
colorbench_05225,C,B,0
colorbench_05227,C,B,0
colorbench_05229,C,B,0
colorbench_05231,C,B,0
colorbench_05233,C,B,0
colorbench_05235,B,B,1
colorbench_05237,B,B,1
colorbench_05239,B,B,1
colorbench_05241,B,B,1
colorbench_05243,B,B,1
colorbench_05245,B,B,1
colorbench_05247,B,B,1
colorbench_05249,B,B,1
colorbench_05251,B,B,1
colorbench_05253,B,B,1
colorbench_05255,B,B,1
colorbench_05257,B,B,1
colorbench_05259,F,B,0
colorbench_05261,F,B,0
colorbench_05263,F,B,0
colorbench_05265,F,B,0
colorbench_05267,F,B,0
colorbench_05269,F,B,0
colorbench_05271,D,B,0
colorbench_05273,D,B,0
colorbench_05275,D,B,0
colorbench_05277,D,B,0
colorbench_05279,D,B,0
colorbench_05281,D,B,0
colorbench_05283,D,B,0
colorbench_05285,D,B,0
colorbench_05287,D,B,0
colorbench_05289,D,B,0
colorbench_05291,D,B,0
colorbench_05293,D,B,0
colorbench_05295,A,B,0
colorbench_05297,A,B,0
colorbench_05299,A,B,0
colorbench_05301,A,B,0
colorbench_05303,A,B,0
colorbench_05305,A,B,0
colorbench_05307,E,B,0
colorbench_05309,E,B,0
colorbench_05311,E,B,0
colorbench_05313,E,,0
colorbench_05315,E,B,0
colorbench_05317,E,,0
colorbench_05319,D,B,0
colorbench_05321,D,B,0
colorbench_05323,D,B,0
colorbench_05325,D,B,0
colorbench_05327,D,B,0
colorbench_05329,D,B,0
colorbench_05331,B,B,1
colorbench_05333,B,B,1
colorbench_05335,B,B,1
colorbench_05337,B,B,1
colorbench_05339,B,B,1
colorbench_05341,B,B,1
colorbench_05343,A,B,0
colorbench_05345,A,B,0
colorbench_05347,A,B,0
colorbench_05349,A,B,0
colorbench_05351,A,B,0
colorbench_05353,A,B,0
colorbench_05355,C,B,0
colorbench_05357,C,B,0
colorbench_05359,C,B,0
colorbench_05361,C,B,0
colorbench_05363,C,B,0
colorbench_05365,C,B,0
colorbench_05367,A,B,0
colorbench_05369,A,B,0
colorbench_05371,A,B,0
colorbench_05373,A,B,0
colorbench_05375,A,B,0
colorbench_05377,A,B,0
colorbench_05379,E,B,0
colorbench_05381,E,B,0
colorbench_05383,E,B,0
colorbench_05385,E,B,0
colorbench_05387,E,B,0
colorbench_05389,E,B,0
colorbench_05391,B,B,1
colorbench_05393,B,B,1
colorbench_05395,B,B,1
colorbench_05397,B,B,1
colorbench_05399,B,B,1
colorbench_05401,B,B,1
colorbench_05403,A,B,0
colorbench_05405,A,A,1
colorbench_05407,A,A,1
colorbench_05409,A,A,1
colorbench_05411,A,A,1
colorbench_05413,A,A,1
colorbench_05415,C,B,0
colorbench_05417,C,B,0
colorbench_05419,C,B,0
colorbench_05421,C,B,0
colorbench_05423,C,B,0
colorbench_05425,C,B,0
colorbench_05427,A,B,0
colorbench_05429,A,B,0
colorbench_05431,A,B,0
colorbench_05433,A,B,0
colorbench_05435,A,B,0
colorbench_05437,A,B,0
colorbench_05439,B,B,1
colorbench_05441,B,B,1
colorbench_05443,B,B,1
colorbench_05445,B,B,1
colorbench_05447,B,B,1
colorbench_05449,B,B,1
colorbench_05451,B,B,1
colorbench_05453,B,B,1
colorbench_05455,B,B,1
colorbench_05457,B,B,1
colorbench_05459,B,B,1
colorbench_05461,B,B,1
colorbench_05463,D,B,0
colorbench_05465,D,B,0
colorbench_05467,D,B,0
colorbench_05469,D,B,0
colorbench_05471,D,B,0
colorbench_05473,D,B,0
colorbench_05475,B,B,1
colorbench_05477,B,B,1
colorbench_05479,B,B,1
colorbench_05481,B,B,1
colorbench_05483,B,B,1
colorbench_05485,B,B,1
colorbench_05487,A,B,0
colorbench_05489,A,B,0
colorbench_05491,A,B,0
colorbench_05493,A,B,0
colorbench_05495,A,B,0
colorbench_05497,A,B,0
colorbench_05499,C,B,0
colorbench_05501,C,B,0
colorbench_05503,C,B,0
colorbench_05505,C,B,0
colorbench_05507,C,B,0
colorbench_05509,C,B,0
colorbench_05511,C,B,0
colorbench_05513,C,B,0
colorbench_05515,C,B,0
colorbench_05517,C,B,0
colorbench_05519,C,B,0
colorbench_05521,C,B,0
colorbench_05523,B,,0
colorbench_05525,B,,0
colorbench_05527,B,,0
colorbench_05529,B,,0
colorbench_05531,B,,0
colorbench_05533,B,,0
colorbench_05535,A,B,0
colorbench_05537,A,B,0
colorbench_05539,A,B,0
colorbench_05541,A,B,0
colorbench_05543,A,B,0
colorbench_05545,A,B,0
colorbench_05547,A,B,0
colorbench_05549,A,B,0
colorbench_05551,A,B,0
colorbench_05553,A,B,0
colorbench_05555,A,B,0
colorbench_05557,A,A,1
colorbench_05559,A,B,0
colorbench_05561,A,B,0
colorbench_05563,A,B,0
colorbench_05565,A,B,0
colorbench_05567,A,B,0
colorbench_05569,A,B,0
colorbench_05571,B,B,1
colorbench_05573,B,B,1
colorbench_05575,B,B,1
colorbench_05577,B,B,1
colorbench_05579,B,B,1
colorbench_05581,B,B,1
colorbench_05583,A,A,1
colorbench_05585,A,A,1
colorbench_05587,A,A,1
colorbench_05589,A,A,1
colorbench_05591,A,A,1
colorbench_05593,A,A,1
colorbench_05595,B,,0
colorbench_05597,B,,0
colorbench_05599,B,,0
colorbench_05601,B,,0
colorbench_05603,B,,0
colorbench_05605,B,,0
colorbench_05607,B,B,1
colorbench_05609,B,B,1
colorbench_05611,B,B,1
colorbench_05613,B,B,1
colorbench_05615,B,B,1
colorbench_05617,B,B,1
colorbench_05619,B,A,0
colorbench_05621,B,A,0
colorbench_05623,B,A,0
colorbench_05625,B,A,0
colorbench_05627,B,A,0
colorbench_05629,B,A,0
colorbench_05631,B,B,1
colorbench_05633,B,B,1
colorbench_05635,B,B,1
colorbench_05637,B,B,1
colorbench_05639,B,B,1
colorbench_05641,B,B,1
colorbench_05643,B,,0
colorbench_05645,B,,0
colorbench_05647,B,,0
colorbench_05649,B,,0
colorbench_05651,B,,0
colorbench_05653,B,,0
colorbench_05655,A,B,0
colorbench_05657,A,B,0
colorbench_05659,A,B,0
colorbench_05661,A,B,0
colorbench_05663,A,B,0
colorbench_05665,A,B,0
colorbench_05667,A,A,1
colorbench_05669,A,A,1
colorbench_05671,A,A,1
colorbench_05673,A,A,1
colorbench_05675,A,A,1
colorbench_05677,A,A,1
colorbench_05679,B,B,1
colorbench_05681,B,B,1
colorbench_05683,B,B,1
colorbench_05685,B,B,1
colorbench_05687,B,B,1
colorbench_05689,B,B,1
colorbench_05691,B,,0
colorbench_05693,B,,0
colorbench_05695,B,,0
colorbench_05697,B,,0
colorbench_05699,B,,0
colorbench_05701,B,,0
colorbench_05703,B,B,1
colorbench_05705,B,B,1
colorbench_05707,B,A,0
colorbench_05709,B,B,1
colorbench_05711,B,,0
colorbench_05713,B,A,0
colorbench_05715,A,B,0
colorbench_05717,A,B,0
colorbench_05719,A,B,0
colorbench_05721,A,B,0
colorbench_05723,A,B,0
colorbench_05725,A,B,0
colorbench_05727,A,A,1
colorbench_05729,A,A,1
colorbench_05731,A,A,1
colorbench_05733,A,A,1
colorbench_05735,A,A,1
colorbench_05737,A,A,1
colorbench_05739,A,B,0
colorbench_05741,A,B,0
colorbench_05743,A,B,0
colorbench_05745,A,B,0
colorbench_05747,A,B,0
colorbench_05749,A,B,0
colorbench_05751,B,A,0
colorbench_05753,B,A,0
colorbench_05755,B,,0
colorbench_05757,B,,0
colorbench_05759,B,,0
colorbench_05761,B,,0
colorbench_05763,B,A,0
colorbench_05765,B,A,0
colorbench_05767,B,A,0
colorbench_05769,B,A,0
colorbench_05771,B,A,0
colorbench_05773,B,A,0
colorbench_05775,B,B,1
colorbench_05777,B,B,1
colorbench_05779,B,B,1
colorbench_05781,B,B,1
colorbench_05783,B,B,1
colorbench_05785,B,B,1
colorbench_05787,A,B,0
colorbench_05789,A,B,0
colorbench_05791,A,B,0
colorbench_05793,A,B,0
colorbench_05795,A,B,0
colorbench_05797,A,B,0
colorbench_05799,A,B,0
colorbench_05801,A,B,0
colorbench_05803,A,B,0
colorbench_05805,A,B,0
colorbench_05807,A,B,0
colorbench_05809,A,B,0
colorbench_05811,A,,0
colorbench_05813,A,,0
colorbench_05815,A,,0
colorbench_05817,A,,0
colorbench_05819,A,,0
colorbench_05821,A,A,1
colorbench_05823,B,A,0
colorbench_05825,B,A,0
colorbench_05827,B,A,0
colorbench_05829,B,A,0
colorbench_05831,B,A,0
colorbench_05833,B,B,1
colorbench_05835,B,,0
colorbench_05837,B,A,0
colorbench_05839,B,,0
colorbench_05841,B,,0
colorbench_05843,B,B,1
colorbench_05845,B,,0
colorbench_05847,A,,0
colorbench_05849,A,,0
colorbench_05851,A,,0
colorbench_05853,A,,0
colorbench_05855,A,,0
colorbench_05857,A,,0
colorbench_05859,A,,0
colorbench_05861,A,,0
colorbench_05863,A,,0
colorbench_05865,A,,0
colorbench_05867,A,,0
colorbench_05869,A,,0
colorbench_05871,A,,0
colorbench_05873,A,,0
colorbench_05875,A,,0
colorbench_05877,A,,0
colorbench_05879,A,,0
colorbench_05881,A,,0
colorbench_05883,A,,0
colorbench_05885,A,,0
colorbench_05887,A,,0
colorbench_05889,A,,0
colorbench_05891,A,,0
colorbench_05893,A,,0
colorbench_05895,A,,0
colorbench_05897,A,,0
colorbench_05899,A,,0
colorbench_05901,A,A,1
colorbench_05903,A,A,1
colorbench_05905,A,A,1
colorbench_05907,B,,0
colorbench_05909,B,,0
colorbench_05911,B,,0
colorbench_05913,B,,0
colorbench_05915,B,,0
colorbench_05917,B,,0
colorbench_05919,B,B,1
colorbench_05921,B,B,1
colorbench_05923,B,B,1
colorbench_05925,B,B,1
colorbench_05927,B,B,1
colorbench_05929,B,,0
colorbench_05931,B,,0
colorbench_05933,B,B,1
colorbench_05935,B,B,1
colorbench_05937,B,,0
colorbench_05939,B,,0
colorbench_05941,B,B,1
colorbench_05943,A,,0
colorbench_05945,A,,0
colorbench_05947,A,,0
colorbench_05949,A,,0
colorbench_05951,A,,0
colorbench_05953,A,,0
colorbench_05955,B,,0
colorbench_05957,B,,0
colorbench_05959,B,,0
colorbench_05961,B,,0
colorbench_05963,B,,0
colorbench_05965,B,,0
colorbench_05967,B,B,1
colorbench_05969,B,B,1
colorbench_05971,B,B,1
colorbench_05973,B,B,1
colorbench_05975,B,B,1
colorbench_05977,B,B,1
colorbench_05979,A,B,0
colorbench_05981,A,B,0
colorbench_05983,A,B,0
colorbench_05985,A,B,0
colorbench_05987,A,B,0
colorbench_05989,A,B,0
colorbench_05991,B,,0
colorbench_05993,B,,0
colorbench_05995,B,,0
colorbench_05997,B,,0
colorbench_05999,B,,0
colorbench_06001,B,,0
colorbench_06003,A,A,1
colorbench_06005,A,A,1
colorbench_06007,A,A,1
colorbench_06009,A,B,0
colorbench_06011,A,A,1
colorbench_06013,A,A,1
colorbench_06015,A,B,0
colorbench_06017,A,A,1
colorbench_06019,A,A,1
colorbench_06021,A,B,0
colorbench_06023,A,A,1
colorbench_06025,A,B,0
colorbench_06027,B,,0
colorbench_06029,B,,0
colorbench_06031,B,,0
colorbench_06033,B,,0
colorbench_06035,B,,0
colorbench_06037,B,,0
colorbench_06039,B,A,0
colorbench_06041,B,A,0
colorbench_06043,B,A,0
colorbench_06045,B,A,0
colorbench_06047,B,A,0
colorbench_06049,B,A,0
colorbench_06051,B,,0
colorbench_06053,B,,0
colorbench_06055,B,,0
colorbench_06057,B,,0
colorbench_06059,B,,0
colorbench_06061,B,,0
colorbench_06063,A,A,1
colorbench_06065,A,A,1
colorbench_06067,A,A,1
colorbench_06069,A,A,1
colorbench_06071,A,A,1
colorbench_06073,A,A,1
colorbench_06075,B,,0
colorbench_06077,B,,0
colorbench_06079,B,,0
colorbench_06081,B,B,1
colorbench_06083,B,B,1
colorbench_06085,B,B,1
colorbench_06087,A,,0
colorbench_06089,A,,0
colorbench_06091,A,,0
colorbench_06093,A,,0
colorbench_06095,A,,0
colorbench_06097,A,,0
colorbench_06099,B,B,1
colorbench_06101,B,B,1
colorbench_06103,B,B,1
colorbench_06105,B,B,1
colorbench_06107,B,B,1
colorbench_06109,B,B,1
colorbench_06111,A,B,0
colorbench_06113,A,B,0
colorbench_06115,A,B,0
colorbench_06117,A,B,0
colorbench_06119,A,B,0
colorbench_06121,A,B,0
colorbench_06123,A,A,1
colorbench_06125,A,A,1
colorbench_06127,A,A,1
colorbench_06129,A,A,1
colorbench_06131,A,A,1
colorbench_06133,A,A,1
colorbench_06135,B,B,1
colorbench_06137,B,B,1
colorbench_06139,B,B,1
colorbench_06141,B,B,1
colorbench_06143,B,B,1
colorbench_06145,B,B,1
colorbench_06147,B,B,1
colorbench_06149,B,B,1
colorbench_06151,B,B,1
colorbench_06153,B,B,1
colorbench_06155,B,B,1
colorbench_06157,B,B,1
colorbench_06159,A,B,0
colorbench_06161,A,B,0
colorbench_06163,A,B,0
colorbench_06165,A,B,0
colorbench_06167,A,B,0
colorbench_06169,A,B,0
colorbench_06171,A,A,1
colorbench_06173,A,A,1
colorbench_06175,A,A,1
colorbench_06177,A,A,1
colorbench_06179,A,A,1
colorbench_06181,A,A,1
colorbench_06183,B,B,1
colorbench_06185,B,A,0
colorbench_06187,B,B,1
colorbench_06189,B,B,1
colorbench_06191,B,B,1
colorbench_06193,B,B,1
colorbench_06195,A,,0
colorbench_06197,A,A,1
colorbench_06199,A,,0
colorbench_06201,A,,0
colorbench_06203,A,,0
colorbench_06205,A,,0
colorbench_06207,B,,0
colorbench_06209,B,,0
colorbench_06211,B,,0
colorbench_06213,B,,0
colorbench_06215,B,,0
colorbench_06217,B,,0
colorbench_06219,B,B,1
colorbench_06221,B,,0
colorbench_06223,B,B,1
colorbench_06225,B,,0
colorbench_06227,B,,0
colorbench_06229,B,,0
colorbench_06231,B,B,1
colorbench_06233,B,B,1
colorbench_06235,B,B,1
colorbench_06237,B,B,1
colorbench_06239,B,B,1
colorbench_06241,B,B,1
colorbench_06243,B,,0
colorbench_06245,B,,0
colorbench_06247,B,,0
colorbench_06249,B,,0
colorbench_06251,B,,0
colorbench_06253,B,,0
colorbench_06255,B,B,1
colorbench_06257,B,B,1
colorbench_06259,B,B,1
colorbench_06261,B,B,1
colorbench_06263,B,B,1
colorbench_06265,B,B,1
colorbench_06267,A,,0
colorbench_06269,A,,0
colorbench_06271,A,,0
colorbench_06273,A,,0
colorbench_06275,A,,0
colorbench_06277,A,,0
colorbench_06279,A,,0
colorbench_06281,A,,0
colorbench_06283,A,,0
colorbench_06285,A,,0
colorbench_06287,A,,0
colorbench_06289,A,,0
colorbench_06291,B,,0
colorbench_06293,B,,0
colorbench_06295,B,,0
colorbench_06297,B,,0
colorbench_06299,B,,0
colorbench_06301,B,,0
colorbench_06303,B,B,1
colorbench_06305,B,B,1
colorbench_06307,B,B,1
colorbench_06309,B,B,1
colorbench_06311,B,B,1
colorbench_06313,B,B,1
colorbench_06315,A,B,0
colorbench_06317,A,B,0
colorbench_06319,A,B,0
colorbench_06321,A,B,0
colorbench_06323,A,B,0
colorbench_06325,A,B,0
colorbench_06327,B,B,1
colorbench_06329,B,B,1
colorbench_06331,B,B,1
colorbench_06333,B,,0
colorbench_06335,B,B,1
colorbench_06337,B,,0
colorbench_06339,B,B,1
colorbench_06341,B,B,1
colorbench_06343,B,B,1
colorbench_06345,B,B,1
colorbench_06347,B,B,1
colorbench_06349,B,B,1
colorbench_06351,A,,0
colorbench_06353,A,,0
colorbench_06355,A,,0
colorbench_06357,A,,0
colorbench_06359,A,,0
colorbench_06361,A,,0
colorbench_06363,A,B,0
colorbench_06365,A,B,0
colorbench_06367,A,B,0
colorbench_06369,A,B,0
colorbench_06371,A,B,0
colorbench_06373,A,B,0
colorbench_06375,A,,0
colorbench_06377,A,,0
colorbench_06379,A,,0
colorbench_06381,A,,0
colorbench_06383,A,,0
colorbench_06385,A,,0
colorbench_06387,A,B,0
colorbench_06389,A,B,0
colorbench_06391,A,B,0
colorbench_06393,A,B,0
colorbench_06395,A,B,0
colorbench_06397,A,B,0
colorbench_06399,A,B,0
colorbench_06401,A,B,0
colorbench_06403,A,B,0
colorbench_06405,A,B,0
colorbench_06407,A,B,0
colorbench_06409,A,B,0
colorbench_06411,A,B,0
colorbench_06413,A,B,0
colorbench_06415,A,B,0
colorbench_06417,A,B,0
colorbench_06419,A,B,0
colorbench_06421,A,,0
colorbench_06423,B,B,1
colorbench_06425,B,B,1
colorbench_06427,B,B,1
colorbench_06429,B,B,1
colorbench_06431,B,B,1
colorbench_06433,B,B,1
colorbench_06435,B,,0
colorbench_06437,B,,0
colorbench_06439,B,,0
colorbench_06441,B,A,0
colorbench_06443,B,,0
colorbench_06445,B,A,0
colorbench_06447,D,B,0
colorbench_06449,D,B,0
colorbench_06451,D,B,0
colorbench_06453,D,B,0
colorbench_06455,D,B,0
colorbench_06457,D,B,0
colorbench_06459,A,B,0
colorbench_06461,A,B,0
colorbench_06463,A,B,0
colorbench_06465,A,B,0
colorbench_06467,A,B,0
colorbench_06469,A,B,0
colorbench_06471,E,B,0
colorbench_06473,E,B,0
colorbench_06475,E,B,0
colorbench_06477,E,B,0
colorbench_06479,E,B,0
colorbench_06481,E,B,0
colorbench_06483,D,B,0
colorbench_06485,D,B,0
colorbench_06487,D,B,0
colorbench_06489,D,B,0
colorbench_06491,D,B,0
colorbench_06493,D,B,0
colorbench_06495,E,B,0
colorbench_06497,E,B,0
colorbench_06499,E,B,0
colorbench_06501,E,B,0
colorbench_06503,E,B,0
colorbench_06505,E,B,0
colorbench_06507,A,A,1
colorbench_06509,A,A,1
colorbench_06511,A,A,1
colorbench_06513,A,B,0
colorbench_06515,A,A,1
colorbench_06517,A,B,0
colorbench_06519,D,B,0
colorbench_06521,D,B,0
colorbench_06523,D,B,0
colorbench_06525,D,B,0
colorbench_06527,D,B,0
colorbench_06529,D,B,0
colorbench_06531,A,B,0
colorbench_06533,A,B,0
colorbench_06535,A,B,0
colorbench_06537,A,B,0
colorbench_06539,A,B,0
colorbench_06541,A,B,0
colorbench_06543,A,B,0
colorbench_06545,A,B,0
colorbench_06547,A,B,0
colorbench_06549,A,B,0
colorbench_06551,A,B,0
colorbench_06553,A,B,0
colorbench_06555,B,B,1
colorbench_06557,B,B,1
colorbench_06559,B,B,1
colorbench_06561,B,B,1
colorbench_06563,B,B,1
colorbench_06565,B,B,1
colorbench_06567,C,B,0
colorbench_06569,C,B,0
colorbench_06571,C,B,0
colorbench_06573,C,B,0
colorbench_06575,C,B,0
colorbench_06577,C,B,0
colorbench_06579,D,B,0
colorbench_06581,D,B,0
colorbench_06583,D,B,0
colorbench_06585,D,B,0
colorbench_06587,D,B,0
colorbench_06589,D,B,0
colorbench_06591,C,B,0
colorbench_06593,C,B,0
colorbench_06595,C,B,0
colorbench_06597,C,B,0
colorbench_06599,C,B,0
colorbench_06601,C,B,0
colorbench_06603,C,B,0
colorbench_06605,C,B,0
colorbench_06607,C,B,0
colorbench_06609,C,B,0
colorbench_06611,C,B,0
colorbench_06613,C,B,0
colorbench_06615,A,A,1
colorbench_06617,A,A,1
colorbench_06619,A,A,1
colorbench_06621,A,A,1
colorbench_06623,A,A,1
colorbench_06625,A,B,0
colorbench_06627,E,B,0
colorbench_06629,E,B,0
colorbench_06631,E,B,0
colorbench_06633,E,B,0
colorbench_06635,E,B,0
colorbench_06637,E,B,0
colorbench_06639,C,B,0
colorbench_06641,C,B,0
colorbench_06643,C,B,0
colorbench_06645,C,B,0
colorbench_06647,C,B,0
colorbench_06649,C,B,0
colorbench_06651,D,B,0
colorbench_06653,D,B,0
colorbench_06655,D,B,0
colorbench_06657,D,B,0
colorbench_06659,D,B,0
colorbench_06661,D,B,0
colorbench_06663,C,B,0
colorbench_06665,C,B,0
colorbench_06667,C,B,0
colorbench_06669,C,B,0
colorbench_06671,C,B,0
colorbench_06673,C,B,0
colorbench_06675,B,B,1
colorbench_06677,B,B,1
colorbench_06679,B,B,1
colorbench_06681,B,B,1
colorbench_06683,B,B,1
colorbench_06685,B,B,1
colorbench_06687,A,B,0
colorbench_06689,A,B,0
colorbench_06691,A,B,0
colorbench_06693,A,B,0
colorbench_06695,A,B,0
colorbench_06697,A,B,0
colorbench_06699,C,B,0
colorbench_06701,C,B,0
colorbench_06703,C,B,0
colorbench_06705,C,B,0
colorbench_06707,C,B,0
colorbench_06709,C,B,0
colorbench_06711,D,B,0
colorbench_06713,D,B,0
colorbench_06715,D,B,0
colorbench_06717,D,B,0
colorbench_06719,D,B,0
colorbench_06721,D,B,0
colorbench_06723,C,B,0
colorbench_06725,C,B,0
colorbench_06727,C,B,0
colorbench_06729,C,B,0
colorbench_06731,C,B,0
colorbench_06733,C,B,0
colorbench_06735,D,B,0
colorbench_06737,D,B,0
colorbench_06739,D,B,0
colorbench_06741,D,B,0
colorbench_06743,D,A,0
colorbench_06745,D,B,0
colorbench_06747,A,B,0
colorbench_06749,A,B,0
colorbench_06751,A,B,0
colorbench_06753,A,B,0
colorbench_06755,A,B,0
colorbench_06757,A,B,0
colorbench_06759,C,B,0
colorbench_06761,C,B,0
colorbench_06763,C,B,0
colorbench_06765,C,B,0
colorbench_06767,C,B,0
colorbench_06769,C,B,0
colorbench_06771,C,B,0
colorbench_06773,C,B,0
colorbench_06775,C,B,0
colorbench_06777,C,B,0
colorbench_06779,C,B,0
colorbench_06781,C,B,0
colorbench_06783,B,B,1
colorbench_06785,B,B,1
colorbench_06787,B,B,1
colorbench_06789,B,B,1
colorbench_06791,B,B,1
colorbench_06793,B,B,1
colorbench_06795,C,B,0
colorbench_06797,C,B,0
colorbench_06799,C,B,0
colorbench_06801,C,B,0
colorbench_06803,C,B,0
colorbench_06805,C,B,0
colorbench_06807,B,B,1
colorbench_06809,B,B,1
colorbench_06811,B,B,1
colorbench_06813,B,B,1
colorbench_06815,B,B,1
colorbench_06817,B,B,1
colorbench_06819,A,B,0
colorbench_06821,A,A,1
colorbench_06823,A,B,0
colorbench_06825,A,B,0
colorbench_06827,A,B,0
colorbench_06829,A,B,0
colorbench_06831,B,B,1
colorbench_06833,B,B,1
colorbench_06835,B,B,1
colorbench_06837,B,B,1
colorbench_06839,B,B,1
colorbench_06841,B,B,1
colorbench_06843,B,B,1
colorbench_06845,B,B,1
colorbench_06847,B,B,1
colorbench_06849,B,B,1
colorbench_06851,B,B,1
colorbench_06853,B,B,1
colorbench_06855,C,B,0
colorbench_06857,C,B,0
colorbench_06859,C,B,0
colorbench_06861,C,B,0
colorbench_06863,C,B,0
colorbench_06865,C,B,0
colorbench_06867,D,B,0
colorbench_06869,D,B,0
colorbench_06871,D,B,0
colorbench_06873,D,,0
colorbench_06875,D,A,0
colorbench_06877,D,,0
colorbench_06879,C,A,0
colorbench_06881,C,A,0
colorbench_06883,C,A,0
colorbench_06885,C,B,0
colorbench_06887,C,B,0
colorbench_06889,C,B,0
colorbench_06891,C,B,0
colorbench_06893,C,B,0
colorbench_06895,C,B,0
colorbench_06897,C,B,0
colorbench_06899,C,B,0
colorbench_06901,C,B,0
colorbench_06903,F,A,0
colorbench_06905,F,A,0
colorbench_06907,F,A,0
colorbench_06909,F,A,0
colorbench_06911,F,A,0
colorbench_06913,F,A,0
colorbench_06915,E,B,0
colorbench_06917,E,B,0
colorbench_06919,E,B,0
colorbench_06921,E,B,0
colorbench_06923,E,B,0
colorbench_06925,E,B,0
colorbench_06927,D,B,0
colorbench_06929,D,B,0
colorbench_06931,D,B,0
colorbench_06933,D,B,0
colorbench_06935,D,B,0
colorbench_06937,D,B,0
colorbench_06939,F,B,0
colorbench_06941,F,B,0
colorbench_06943,F,B,0
colorbench_06945,F,B,0
colorbench_06947,F,B,0
colorbench_06949,F,B,0
colorbench_06951,C,B,0
colorbench_06953,C,B,0
colorbench_06955,C,B,0
colorbench_06957,C,B,0
colorbench_06959,C,B,0
colorbench_06961,C,B,0
colorbench_06963,B,B,1
colorbench_06965,B,B,1
colorbench_06967,B,B,1
colorbench_06969,B,B,1
colorbench_06971,B,B,1
colorbench_06973,B,B,1
colorbench_06975,A,B,0
colorbench_06977,A,B,0
colorbench_06979,A,B,0
colorbench_06981,A,B,0
colorbench_06983,A,B,0
colorbench_06985,A,B,0
colorbench_06987,D,B,0
colorbench_06989,D,B,0
colorbench_06991,D,B,0
colorbench_06993,D,B,0
colorbench_06995,D,B,0
colorbench_06997,D,B,0
colorbench_06999,C,B,0
colorbench_07001,C,B,0
colorbench_07003,C,B,0
colorbench_07005,C,B,0
colorbench_07007,C,B,0
colorbench_07009,C,B,0
colorbench_07011,D,B,0
colorbench_07013,D,B,0
colorbench_07015,D,B,0
colorbench_07017,D,B,0
colorbench_07019,D,B,0
colorbench_07021,D,B,0
colorbench_07023,E,B,0
colorbench_07025,E,B,0
colorbench_07027,E,B,0
colorbench_07029,E,A,0
colorbench_07031,E,B,0
colorbench_07033,E,B,0
colorbench_07035,A,B,0
colorbench_07037,A,B,0
colorbench_07039,A,B,0
colorbench_07041,A,B,0
colorbench_07043,A,B,0
colorbench_07045,A,B,0
colorbench_07047,C,B,0
colorbench_07049,C,B,0
colorbench_07051,C,B,0
colorbench_07053,C,B,0
colorbench_07055,C,B,0
colorbench_07057,C,B,0
colorbench_07059,D,B,0
colorbench_07061,D,B,0
colorbench_07063,D,B,0
colorbench_07065,D,B,0
colorbench_07067,D,B,0
colorbench_07069,D,B,0
colorbench_07071,D,B,0
colorbench_07073,D,B,0
colorbench_07075,D,B,0
colorbench_07077,D,B,0
colorbench_07079,D,B,0
colorbench_07081,D,B,0
colorbench_07083,C,B,0
colorbench_07085,C,B,0
colorbench_07087,C,B,0
colorbench_07089,C,B,0
colorbench_07091,C,B,0
colorbench_07093,C,B,0
colorbench_07095,B,B,1
colorbench_07097,B,B,1
colorbench_07099,B,B,1
colorbench_07101,B,B,1
colorbench_07103,B,B,1
colorbench_07105,B,B,1
colorbench_07107,D,A,0
colorbench_07109,D,A,0
colorbench_07111,D,A,0
colorbench_07113,D,A,0
colorbench_07115,D,A,0
colorbench_07117,D,A,0
colorbench_07119,B,B,1
colorbench_07121,B,B,1
colorbench_07123,B,B,1
colorbench_07125,B,B,1
colorbench_07127,B,B,1
colorbench_07129,B,B,1
colorbench_07131,C,B,0
colorbench_07133,C,B,0
colorbench_07135,C,B,0
colorbench_07137,C,B,0
colorbench_07139,C,B,0
colorbench_07141,C,B,0
colorbench_07143,A,B,0
colorbench_07145,A,B,0
colorbench_07147,A,B,0
colorbench_07149,A,B,0
colorbench_07151,A,A,1
colorbench_07153,A,B,0
colorbench_07155,D,B,0
colorbench_07157,D,B,0
colorbench_07159,D,B,0
colorbench_07161,D,B,0
colorbench_07163,D,B,0
colorbench_07165,D,B,0
colorbench_07167,D,B,0
colorbench_07169,D,B,0
colorbench_07171,D,B,0
colorbench_07173,D,B,0
colorbench_07175,D,B,0
colorbench_07177,D,B,0
colorbench_07179,C,B,0
colorbench_07181,C,B,0
colorbench_07183,C,B,0
colorbench_07185,C,B,0
colorbench_07187,C,B,0
colorbench_07189,C,B,0
colorbench_07191,C,A,0
colorbench_07193,C,A,0
colorbench_07195,C,A,0
colorbench_07197,C,A,0
colorbench_07199,C,A,0
colorbench_07201,C,A,0
colorbench_07203,A,B,0
colorbench_07205,A,B,0
colorbench_07207,A,B,0
colorbench_07209,A,B,0
colorbench_07211,A,B,0
colorbench_07213,A,B,0
colorbench_07215,B,B,1
colorbench_07217,B,B,1
colorbench_07219,B,B,1
colorbench_07221,B,B,1
colorbench_07223,B,B,1
colorbench_07225,B,B,1
colorbench_07227,B,B,1
colorbench_07229,B,B,1
colorbench_07231,B,B,1
colorbench_07233,B,B,1
colorbench_07235,B,B,1
colorbench_07237,B,B,1
colorbench_07239,B,B,1
colorbench_07241,B,B,1
colorbench_07243,B,B,1
colorbench_07245,B,B,1
colorbench_07247,B,B,1
colorbench_07249,B,B,1
colorbench_07251,D,A,0
colorbench_07253,D,A,0
colorbench_07255,D,A,0
colorbench_07257,D,B,0
colorbench_07259,D,A,0
colorbench_07261,D,A,0
colorbench_07263,B,B,1
colorbench_07265,B,B,1
colorbench_07267,B,B,1
colorbench_07269,B,B,1
colorbench_07271,B,B,1
colorbench_07273,B,B,1
colorbench_07275,D,B,0
colorbench_07277,D,B,0
colorbench_07279,D,B,0
colorbench_07281,D,B,0
colorbench_07283,D,B,0
colorbench_07285,D,B,0
colorbench_07287,F,B,0
colorbench_07289,F,B,0
colorbench_07291,F,B,0
colorbench_07293,F,B,0
colorbench_07295,F,B,0
colorbench_07297,F,B,0
colorbench_07299,A,B,0
colorbench_07301,A,B,0
colorbench_07303,A,B,0
colorbench_07305,A,B,0
colorbench_07307,A,B,0
colorbench_07309,A,B,0
colorbench_07311,B,B,1
colorbench_07313,B,B,1
colorbench_07315,B,B,1
colorbench_07317,B,B,1
colorbench_07319,B,B,1
colorbench_07321,B,B,1
colorbench_07323,D,B,0
colorbench_07325,D,B,0
colorbench_07327,D,B,0
colorbench_07329,D,A,0
colorbench_07331,D,A,0
colorbench_07333,D,B,0
colorbench_07335,A,A,1
colorbench_07337,A,A,1
colorbench_07339,A,A,1
colorbench_07341,A,A,1
colorbench_07343,A,A,1
colorbench_07345,A,B,0
colorbench_07347,B,B,1
colorbench_07349,B,B,1
colorbench_07351,B,B,1
colorbench_07353,B,B,1
colorbench_07355,B,B,1
colorbench_07357,B,B,1
colorbench_07359,A,B,0
colorbench_07361,A,B,0
colorbench_07363,A,B,0
colorbench_07365,A,B,0
colorbench_07367,A,B,0
colorbench_07369,A,B,0
colorbench_07371,D,B,0
colorbench_07373,D,B,0
colorbench_07375,D,B,0
colorbench_07377,D,B,0
colorbench_07379,D,B,0
colorbench_07381,D,B,0
colorbench_07383,C,B,0
colorbench_07385,C,B,0
colorbench_07387,C,B,0
colorbench_07389,C,B,0
colorbench_07391,C,B,0
colorbench_07393,C,B,0
colorbench_07395,D,B,0
colorbench_07397,D,B,0
colorbench_07399,D,B,0
colorbench_07401,D,B,0
colorbench_07403,D,B,0
colorbench_07405,D,B,0
colorbench_07407,E,B,0
colorbench_07409,E,B,0
colorbench_07411,E,B,0
colorbench_07413,E,B,0
colorbench_07415,E,B,0
colorbench_07417,E,B,0
colorbench_07419,C,B,0
colorbench_07421,C,B,0
colorbench_07423,C,B,0
colorbench_07425,C,B,0
colorbench_07427,C,B,0
colorbench_07429,C,B,0
colorbench_07431,B,B,1
colorbench_07433,B,B,1
colorbench_07435,B,B,1
colorbench_07437,B,B,1
colorbench_07439,B,B,1
colorbench_07441,B,B,1
colorbench_07443,D,B,0
colorbench_07445,D,B,0
colorbench_07447,D,B,0
colorbench_07449,D,B,0
colorbench_07451,D,B,0
colorbench_07453,D,B,0
colorbench_07455,B,B,1
colorbench_07457,B,B,1
colorbench_07459,B,B,1
colorbench_07461,B,B,1
colorbench_07463,B,B,1
colorbench_07465,B,B,1
colorbench_07467,C,B,0
colorbench_07469,C,B,0
colorbench_07471,C,B,0
colorbench_07473,C,B,0
colorbench_07475,C,B,0
colorbench_07477,C,B,0
colorbench_07479,D,B,0
colorbench_07481,D,B,0
colorbench_07483,D,B,0
colorbench_07485,D,B,0
colorbench_07487,D,B,0
colorbench_07489,D,B,0
colorbench_07491,B,A,0
colorbench_07493,B,A,0
colorbench_07495,B,A,0
colorbench_07497,B,A,0
colorbench_07499,B,A,0
colorbench_07501,B,A,0
colorbench_07503,A,B,0
colorbench_07505,A,B,0
colorbench_07507,A,B,0
colorbench_07509,A,B,0
colorbench_07511,A,B,0
colorbench_07513,A,B,0
colorbench_07515,D,B,0
colorbench_07517,D,B,0
colorbench_07519,D,B,0
colorbench_07521,D,B,0
colorbench_07523,D,B,0
colorbench_07525,D,B,0
colorbench_07527,A,B,0
colorbench_07529,A,B,0
colorbench_07531,A,B,0
colorbench_07533,A,B,0
colorbench_07535,A,B,0
colorbench_07537,A,B,0
colorbench_07539,D,A,0
colorbench_07541,D,B,0
colorbench_07543,D,B,0
colorbench_07545,D,B,0
colorbench_07547,D,B,0
colorbench_07549,D,A,0
colorbench_07551,C,,0
colorbench_07553,C,,0
colorbench_07555,C,,0
colorbench_07557,C,A,0
colorbench_07559,C,B,0
colorbench_07561,C,B,0
colorbench_07563,C,B,0
colorbench_07565,C,B,0
colorbench_07567,C,B,0
colorbench_07569,C,B,0
colorbench_07571,C,B,0
colorbench_07573,C,B,0
colorbench_07575,E,B,0
colorbench_07577,E,B,0
colorbench_07579,E,B,0
colorbench_07581,E,B,0
colorbench_07583,E,B,0
colorbench_07585,E,B,0
colorbench_07587,B,B,1
colorbench_07589,B,B,1
colorbench_07591,B,B,1
colorbench_07593,B,B,1
colorbench_07595,B,B,1
colorbench_07597,B,B,1
colorbench_07599,D,B,0
colorbench_07601,D,B,0
colorbench_07603,D,B,0
colorbench_07605,D,B,0
colorbench_07607,D,B,0
colorbench_07609,D,B,0
colorbench_07611,D,B,0
colorbench_07613,D,B,0
colorbench_07615,D,B,0
colorbench_07617,D,B,0
colorbench_07619,D,B,0
colorbench_07621,D,B,0
colorbench_07623,E,B,0
colorbench_07625,E,B,0
colorbench_07627,E,B,0
colorbench_07629,E,B,0
colorbench_07631,E,B,0
colorbench_07633,E,B,0
colorbench_07635,D,B,0
colorbench_07637,D,B,0
colorbench_07639,D,B,0
colorbench_07641,D,B,0
colorbench_07643,D,B,0
colorbench_07645,D,B,0
colorbench_07647,D,B,0
colorbench_07649,D,B,0
colorbench_07651,D,B,0
colorbench_07653,D,B,0
colorbench_07655,D,B,0
colorbench_07657,D,B,0
colorbench_07659,A,B,0
colorbench_07661,A,B,0
colorbench_07663,A,B,0
colorbench_07665,A,B,0
colorbench_07667,A,A,1
colorbench_07669,A,B,0
colorbench_07671,B,B,1
colorbench_07673,B,B,1
colorbench_07675,B,B,1
colorbench_07677,B,A,0
colorbench_07679,B,A,0
colorbench_07681,B,B,1
colorbench_07683,D,B,0
colorbench_07685,D,B,0
colorbench_07687,D,B,0
colorbench_07689,D,B,0
colorbench_07691,D,B,0
colorbench_07693,D,B,0
colorbench_07695,D,B,0
colorbench_07697,D,B,0
colorbench_07699,D,B,0
colorbench_07701,D,B,0
colorbench_07703,D,B,0
colorbench_07705,D,B,0
colorbench_07707,C,B,0
colorbench_07709,C,B,0
colorbench_07711,C,B,0
colorbench_07713,C,B,0
colorbench_07715,C,B,0
colorbench_07717,C,B,0
colorbench_07719,D,B,0
colorbench_07721,D,B,0
colorbench_07723,D,B,0
colorbench_07725,D,B,0
colorbench_07727,D,B,0
colorbench_07729,D,B,0
colorbench_07731,B,B,1
colorbench_07733,B,B,1
colorbench_07735,B,B,1
colorbench_07737,B,B,1
colorbench_07739,B,B,1
colorbench_07741,B,B,1
colorbench_07743,A,B,0
colorbench_07745,A,B,0
colorbench_07747,A,B,0
colorbench_07749,A,B,0
colorbench_07751,A,B,0
colorbench_07753,A,B,0
colorbench_07755,B,B,1
colorbench_07757,B,B,1
colorbench_07759,B,B,1
colorbench_07761,B,B,1
colorbench_07763,B,B,1
colorbench_07765,B,B,1
colorbench_07767,B,B,1
colorbench_07769,B,B,1
colorbench_07771,B,B,1
colorbench_07773,B,B,1
colorbench_07775,B,B,1
colorbench_07777,B,B,1
colorbench_07779,C,B,0
colorbench_07781,C,B,0
colorbench_07783,C,B,0
colorbench_07785,C,B,0
colorbench_07787,C,B,0
colorbench_07789,C,B,0
colorbench_07791,B,B,1
colorbench_07793,B,B,1
colorbench_07795,B,B,1
colorbench_07797,B,B,1
colorbench_07799,B,B,1
colorbench_07801,B,B,1
colorbench_07803,D,B,0
colorbench_07805,D,B,0
colorbench_07807,D,B,0
colorbench_07809,D,B,0
colorbench_07811,D,B,0
colorbench_07813,D,B,0
colorbench_07815,C,B,0
colorbench_07817,C,B,0
colorbench_07819,C,B,0
colorbench_07821,C,B,0
colorbench_07823,C,B,0
colorbench_07825,C,B,0
colorbench_07827,B,B,1
colorbench_07829,B,B,1
colorbench_07831,B,B,1
colorbench_07833,B,B,1
colorbench_07835,B,B,1
colorbench_07837,B,B,1
colorbench_07839,D,B,0
colorbench_07841,D,B,0
colorbench_07843,D,B,0
colorbench_07845,D,B,0
colorbench_07847,D,B,0
colorbench_07849,D,B,0
colorbench_07851,D,B,0
colorbench_07853,D,B,0
colorbench_07855,D,B,0
colorbench_07857,D,B,0
colorbench_07859,D,B,0
colorbench_07861,D,B,0
colorbench_07863,C,B,0
colorbench_07865,C,B,0
colorbench_07867,C,B,0
colorbench_07869,C,B,0
colorbench_07871,C,B,0
colorbench_07873,C,B,0
colorbench_07875,A,B,0
colorbench_07877,A,B,0
colorbench_07879,A,B,0
colorbench_07881,A,B,0
colorbench_07883,A,B,0
colorbench_07885,A,B,0
colorbench_07887,D,B,0
colorbench_07889,D,B,0
colorbench_07891,D,B,0
colorbench_07893,D,B,0
colorbench_07895,D,B,0
colorbench_07897,D,B,0
colorbench_07899,E,B,0
colorbench_07901,E,B,0
colorbench_07903,E,B,0
colorbench_07905,E,B,0
colorbench_07907,E,B,0
colorbench_07909,E,B,0
colorbench_07911,D,B,0
colorbench_07913,D,B,0
colorbench_07915,D,B,0
colorbench_07917,D,B,0
colorbench_07919,D,A,0
colorbench_07921,D,B,0
colorbench_07923,A,B,0
colorbench_07925,A,B,0
colorbench_07927,A,B,0
colorbench_07929,A,B,0
colorbench_07931,A,B,0
colorbench_07933,A,B,0
colorbench_07935,D,B,0
colorbench_07937,D,B,0
colorbench_07939,D,B,0
colorbench_07941,D,B,0
colorbench_07943,D,B,0
colorbench_07945,D,B,0
colorbench_07947,A,B,0
colorbench_07949,A,B,0
colorbench_07951,A,B,0
colorbench_07953,A,B,0
colorbench_07955,A,B,0
colorbench_07957,A,B,0
colorbench_07959,F,B,0
colorbench_07961,F,B,0
colorbench_07963,F,B,0
colorbench_07965,F,B,0
colorbench_07967,F,B,0
colorbench_07969,F,B,0
colorbench_07971,B,A,0
colorbench_07973,B,A,0
colorbench_07975,B,A,0
colorbench_07977,B,B,1
colorbench_07979,B,A,0
colorbench_07981,B,A,0
colorbench_07983,B,B,1
colorbench_07985,B,B,1
colorbench_07987,B,B,1
colorbench_07989,B,B,1
colorbench_07991,B,B,1
colorbench_07993,B,B,1
colorbench_07995,B,A,0
colorbench_07997,B,A,0
colorbench_07999,B,A,0
colorbench_08001,B,A,0
colorbench_08003,B,A,0
colorbench_08005,B,A,0
colorbench_08007,B,,0
colorbench_08009,B,,0
colorbench_08011,B,,0
colorbench_08013,B,,0
colorbench_08015,B,,0
colorbench_08017,B,,0
colorbench_08019,B,,0
colorbench_08021,B,,0
colorbench_08023,B,,0
colorbench_08025,B,,0
colorbench_08027,B,,0
colorbench_08029,B,,0
colorbench_08031,A,A,1
colorbench_08033,A,A,1
colorbench_08035,A,A,1
colorbench_08037,A,A,1
colorbench_08039,A,A,1
colorbench_08041,A,A,1
colorbench_08043,B,,0
colorbench_08045,B,,0
colorbench_08047,B,,0
colorbench_08049,B,B,1
colorbench_08051,B,B,1
colorbench_08053,B,B,1
colorbench_08055,A,A,1
colorbench_08057,A,,0
colorbench_08059,A,,0
colorbench_08061,A,A,1
colorbench_08063,A,A,1
colorbench_08065,A,A,1
colorbench_08067,A,B,0
colorbench_08069,A,A,1
colorbench_08071,A,B,0
colorbench_08073,A,B,0
colorbench_08075,A,B,0
colorbench_08077,A,B,0
colorbench_08079,B,,0
colorbench_08081,B,,0
colorbench_08083,B,,0
colorbench_08085,B,A,0
colorbench_08087,B,A,0
colorbench_08089,B,A,0
colorbench_08091,A,B,0
colorbench_08093,A,B,0
colorbench_08095,A,B,0
colorbench_08097,A,B,0
colorbench_08099,A,B,0
colorbench_08101,A,B,0
colorbench_08103,A,,0
colorbench_08105,A,,0
colorbench_08107,A,,0
colorbench_08109,A,,0
colorbench_08111,A,,0
colorbench_08113,A,,0
colorbench_08115,B,,0
colorbench_08117,B,B,1
colorbench_08119,B,,0
colorbench_08121,B,B,1
colorbench_08123,B,B,1
colorbench_08125,B,B,1
colorbench_08127,B,A,0
colorbench_08129,B,,0
colorbench_08131,B,A,0
colorbench_08133,B,,0
colorbench_08135,B,,0
colorbench_08137,B,A,0
colorbench_08139,A,,0
colorbench_08141,A,,0
colorbench_08143,A,,0
colorbench_08145,A,,0
colorbench_08147,A,,0
colorbench_08149,A,B,0
colorbench_08151,A,B,0
colorbench_08153,A,B,0
colorbench_08155,A,B,0
colorbench_08157,A,B,0
colorbench_08159,A,B,0
colorbench_08161,A,,0
colorbench_08163,A,A,1
colorbench_08165,A,A,1
colorbench_08167,A,A,1
colorbench_08169,A,A,1
colorbench_08171,A,A,1
colorbench_08173,A,A,1
colorbench_08175,B,B,1
colorbench_08177,B,B,1
colorbench_08179,B,B,1
colorbench_08181,B,B,1
colorbench_08183,B,A,0
colorbench_08185,B,A,0
colorbench_08187,A,,0
colorbench_08189,A,,0
colorbench_08191,A,,0
colorbench_08193,A,B,0
colorbench_08195,A,,0
colorbench_08197,A,,0
colorbench_08199,A,B,0
colorbench_08201,A,B,0
colorbench_08203,A,B,0
colorbench_08205,A,B,0
colorbench_08207,A,B,0
colorbench_08209,A,B,0
colorbench_08211,B,B,1
colorbench_08213,B,B,1
colorbench_08215,B,B,1
colorbench_08217,B,B,1
colorbench_08219,B,,0
colorbench_08221,B,B,1
colorbench_08223,B,B,1
colorbench_08225,B,B,1
colorbench_08227,B,B,1
colorbench_08229,B,B,1
colorbench_08231,B,B,1
colorbench_08233,B,B,1
colorbench_08235,B,B,1
colorbench_08237,B,B,1
colorbench_08239,B,B,1
colorbench_08241,B,B,1
colorbench_08243,B,B,1
colorbench_08245,B,B,1
colorbench_08247,B,B,1
colorbench_08249,B,B,1
colorbench_08251,B,B,1
colorbench_08253,B,B,1
colorbench_08255,B,B,1
colorbench_08257,B,B,1
colorbench_08259,A,A,1
colorbench_08261,A,B,0
colorbench_08263,A,A,1
colorbench_08265,A,A,1
colorbench_08267,A,A,1
colorbench_08269,A,A,1
colorbench_08271,A,B,0
colorbench_08273,A,B,0
colorbench_08275,A,,0
colorbench_08277,A,,0
colorbench_08279,A,,0
colorbench_08281,A,B,0
colorbench_08283,B,,0
colorbench_08285,B,,0
colorbench_08287,B,,0
colorbench_08289,B,,0
colorbench_08291,B,,0
colorbench_08293,B,,0
colorbench_08295,B,B,1
colorbench_08297,B,B,1
colorbench_08299,B,B,1
colorbench_08301,B,B,1
colorbench_08303,B,B,1
colorbench_08305,B,B,1
colorbench_08307,A,B,0
colorbench_08309,A,B,0
colorbench_08311,A,B,0
colorbench_08313,A,A,1
colorbench_08315,A,B,0
colorbench_08317,A,B,0
colorbench_08319,B,B,1
colorbench_08321,B,B,1
colorbench_08323,B,B,1
colorbench_08325,B,B,1
colorbench_08327,B,B,1
colorbench_08329,B,B,1
colorbench_08331,A,B,0
colorbench_08333,A,B,0
colorbench_08335,A,B,0
colorbench_08337,A,A,1
colorbench_08339,A,,0
colorbench_08341,A,A,1
colorbench_08343,A,B,0
colorbench_08345,A,B,0
colorbench_08347,A,B,0
colorbench_08349,A,B,0
colorbench_08351,A,B,0
colorbench_08353,A,B,0
colorbench_08355,B,B,1
colorbench_08357,B,B,1
colorbench_08359,B,B,1
colorbench_08361,B,B,1
colorbench_08363,B,B,1
colorbench_08365,B,B,1
colorbench_08367,B,A,0
colorbench_08369,B,A,0
colorbench_08371,B,A,0
colorbench_08373,B,A,0
colorbench_08375,B,A,0
colorbench_08377,B,A,0
colorbench_08379,A,A,1
colorbench_08381,A,A,1
colorbench_08383,A,A,1
colorbench_08385,A,,0
colorbench_08387,A,A,1
colorbench_08389,A,A,1
colorbench_08391,A,B,0
colorbench_08393,A,B,0
colorbench_08395,A,B,0
colorbench_08397,A,B,0
colorbench_08399,A,B,0
colorbench_08401,A,B,0
colorbench_08403,A,B,0
colorbench_08405,A,,0
colorbench_08407,A,B,0
colorbench_08409,A,B,0
colorbench_08411,A,,0
colorbench_08413,A,,0
colorbench_08415,A,B,0
colorbench_08417,A,B,0
colorbench_08419,A,B,0
colorbench_08421,A,B,0
colorbench_08423,A,B,0
colorbench_08425,A,B,0
colorbench_08427,A,A,1
colorbench_08429,A,A,1
colorbench_08431,A,A,1
colorbench_08433,A,A,1
colorbench_08435,A,A,1
colorbench_08437,A,A,1
colorbench_08439,B,A,0
colorbench_08441,B,A,0
colorbench_08443,B,A,0
colorbench_08445,B,A,0
colorbench_08447,B,A,0
colorbench_08449,B,A,0
colorbench_08451,A,A,1
colorbench_08453,A,A,1
colorbench_08455,A,A,1
colorbench_08457,A,A,1
colorbench_08459,A,A,1
colorbench_08461,A,A,1
colorbench_08463,B,,0
colorbench_08465,B,A,0
colorbench_08467,B,,0
colorbench_08469,B,,0
colorbench_08471,B,,0
colorbench_08473,B,,0
colorbench_08475,A,B,0
colorbench_08477,A,B,0
colorbench_08479,A,B,0
colorbench_08481,A,B,0
colorbench_08483,A,B,0
colorbench_08485,A,B,0
colorbench_08487,B,B,1
colorbench_08489,B,B,1
colorbench_08491,B,,0
colorbench_08493,B,B,1
colorbench_08495,B,B,1
colorbench_08497,B,B,1
colorbench_08499,A,,0
colorbench_08501,A,,0
colorbench_08503,A,,0
colorbench_08505,A,,0
colorbench_08507,A,,0
colorbench_08509,A,,0
colorbench_08511,A,A,1
colorbench_08513,A,A,1
colorbench_08515,A,A,1
colorbench_08517,A,,0
colorbench_08519,A,,0
colorbench_08521,A,,0
colorbench_08523,B,B,1
colorbench_08525,B,B,1
colorbench_08527,B,B,1
colorbench_08529,B,B,1
colorbench_08531,B,B,1
colorbench_08533,B,B,1
colorbench_08535,A,B,0
colorbench_08537,A,B,0
colorbench_08539,A,B,0
colorbench_08541,A,B,0
colorbench_08543,A,B,0
colorbench_08545,A,B,0
colorbench_08547,B,A,0
colorbench_08549,B,A,0
colorbench_08551,B,A,0
colorbench_08553,B,A,0
colorbench_08555,B,A,0
colorbench_08557,B,,0
colorbench_08559,A,B,0
colorbench_08561,A,B,0
colorbench_08563,A,B,0
colorbench_08565,A,B,0
colorbench_08567,A,B,0
colorbench_08569,A,B,0
colorbench_08571,A,,0
colorbench_08573,A,,0
colorbench_08575,A,,0
colorbench_08577,A,,0
colorbench_08579,A,,0
colorbench_08581,A,,0
colorbench_08583,B,B,1
colorbench_08585,B,B,1
colorbench_08587,B,B,1
colorbench_08589,B,B,1
colorbench_08591,B,B,1
colorbench_08593,B,B,1
colorbench_08595,A,,0
colorbench_08597,A,,0
colorbench_08599,A,,0
colorbench_08601,A,,0
colorbench_08603,A,,0
colorbench_08605,A,,0
colorbench_08607,B,B,1
colorbench_08609,B,A,0
colorbench_08611,B,B,1
colorbench_08613,B,B,1
colorbench_08615,B,B,1
colorbench_08617,B,A,0
colorbench_08619,A,,0
colorbench_08621,A,,0
colorbench_08623,A,,0
colorbench_08625,A,,0
colorbench_08627,A,,0
colorbench_08629,A,,0
colorbench_08631,A,,0
colorbench_08633,A,,0
colorbench_08635,A,,0
colorbench_08637,A,,0
colorbench_08639,A,,0
colorbench_08641,A,,0
colorbench_08643,A,B,0
colorbench_08645,A,B,0
colorbench_08647,A,B,0
colorbench_08649,A,B,0
colorbench_08651,A,B,0
colorbench_08653,A,B,0
colorbench_08655,B,B,1
colorbench_08657,B,B,1
colorbench_08659,B,B,1
colorbench_08661,B,B,1
colorbench_08663,B,B,1
colorbench_08665,B,B,1
colorbench_08667,B,B,1
colorbench_08669,B,B,1
colorbench_08671,B,B,1
colorbench_08673,B,B,1
colorbench_08675,B,B,1
colorbench_08677,B,B,1
colorbench_08679,A,A,1
colorbench_08681,A,A,1
colorbench_08683,A,A,1
colorbench_08685,A,A,1
colorbench_08687,A,A,1
colorbench_08689,A,A,1
colorbench_08691,A,A,1
colorbench_08693,A,A,1
colorbench_08695,A,A,1
colorbench_08697,A,A,1
colorbench_08699,A,A,1
colorbench_08701,A,A,1
colorbench_08703,A,A,1
colorbench_08705,A,A,1
colorbench_08707,A,A,1
colorbench_08709,A,A,1
colorbench_08711,A,A,1
colorbench_08713,A,B,0
colorbench_08715,B,,0
colorbench_08717,B,A,0
colorbench_08719,B,A,0
colorbench_08721,B,A,0
colorbench_08723,B,A,0
colorbench_08725,B,A,0
colorbench_08727,A,B,0
colorbench_08729,A,B,0
colorbench_08731,A,B,0
colorbench_08733,A,B,0
colorbench_08735,A,B,0
colorbench_08737,A,B,0
colorbench_08739,B,B,1
colorbench_08741,B,B,1
colorbench_08743,B,B,1
colorbench_08745,B,B,1
colorbench_08747,B,B,1
colorbench_08749,B,B,1
colorbench_08751,A,,0
colorbench_08753,A,,0
colorbench_08755,A,,0
colorbench_08757,A,,0
colorbench_08759,A,,0
colorbench_08761,A,,0
colorbench_08763,A,,0
colorbench_08765,A,,0
colorbench_08767,A,,0
colorbench_08769,A,,0
colorbench_08771,A,,0
colorbench_08773,A,,0
colorbench_08775,A,,0
colorbench_08777,A,,0
colorbench_08779,A,,0
colorbench_08781,A,,0
colorbench_08783,A,,0
colorbench_08785,A,,0
colorbench_08787,B,,0
colorbench_08789,B,,0
colorbench_08791,B,,0
colorbench_08793,B,,0
colorbench_08795,B,,0
colorbench_08797,B,,0
colorbench_08799,B,,0
colorbench_08801,B,A,0
colorbench_08803,B,,0
colorbench_08805,B,,0
colorbench_08807,B,,0
colorbench_08809,B,,0
colorbench_08811,B,A,0
colorbench_08813,B,,0
colorbench_08815,B,,0
colorbench_08817,B,,0
colorbench_08819,B,,0
colorbench_08821,B,,0
colorbench_08823,B,A,0
colorbench_08825,B,A,0
colorbench_08827,B,A,0
colorbench_08829,B,A,0
colorbench_08831,B,A,0
colorbench_08833,B,A,0
colorbench_08835,A,B,0
colorbench_08837,A,B,0
colorbench_08839,A,B,0
colorbench_08841,A,B,0
colorbench_08843,A,B,0
colorbench_08845,A,B,0
colorbench_08847,B,B,1
colorbench_08849,B,B,1
colorbench_08851,B,B,1
colorbench_08853,B,B,1
colorbench_08855,B,B,1
colorbench_08857,B,B,1
colorbench_08859,A,,0
colorbench_08861,A,,0
colorbench_08863,A,,0
colorbench_08865,A,,0
colorbench_08867,A,,0
colorbench_08869,A,,0
colorbench_08871,B,B,1
colorbench_08873,B,B,1
colorbench_08875,B,B,1
colorbench_08877,B,B,1
colorbench_08879,B,B,1
colorbench_08881,B,B,1
colorbench_08883,B,,0
colorbench_08885,B,A,0
colorbench_08887,B,,0
colorbench_08889,B,,0
colorbench_08891,B,,0
colorbench_08893,B,,0
colorbench_08895,A,B,0
colorbench_08897,A,B,0
colorbench_08899,A,B,0
colorbench_08901,A,B,0
colorbench_08903,A,B,0
colorbench_08905,A,B,0
colorbench_08907,A,A,1
colorbench_08909,A,A,1
colorbench_08911,A,A,1
colorbench_08913,A,A,1
colorbench_08915,A,A,1
colorbench_08917,A,A,1
colorbench_08919,A,,0
colorbench_08921,A,,0
colorbench_08923,A,,0
colorbench_08925,A,,0
colorbench_08927,A,,0
colorbench_08929,A,,0
colorbench_08931,B,,0
colorbench_08933,B,,0
colorbench_08935,B,,0
colorbench_08937,B,,0
colorbench_08939,B,,0
colorbench_08941,B,,0
colorbench_08943,B,,0
colorbench_08945,B,,0
colorbench_08947,B,,0
colorbench_08949,B,,0
colorbench_08951,B,,0
colorbench_08953,B,,0
colorbench_08955,B,B,1
colorbench_08957,B,B,1
colorbench_08959,B,A,0
colorbench_08961,B,A,0
colorbench_08963,B,B,1
colorbench_08965,B,B,1
colorbench_08967,A,B,0
colorbench_08969,A,B,0
colorbench_08971,A,B,0
colorbench_08973,A,B,0
colorbench_08975,A,B,0
colorbench_08977,A,B,0
colorbench_08979,B,B,1
colorbench_08981,B,B,1
colorbench_08983,B,B,1
colorbench_08985,B,A,0
colorbench_08987,B,B,1
colorbench_08989,B,B,1
colorbench_08991,A,A,1
colorbench_08993,A,A,1
colorbench_08995,A,A,1
colorbench_08997,A,A,1
colorbench_08999,A,A,1
colorbench_09001,A,A,1
colorbench_09003,A,B,0
colorbench_09005,A,B,0
colorbench_09007,A,B,0
colorbench_09009,A,B,0
colorbench_09011,A,B,0
colorbench_09013,A,B,0
colorbench_09015,B,A,0
colorbench_09017,B,A,0
colorbench_09019,B,A,0
colorbench_09021,B,A,0
colorbench_09023,B,A,0
colorbench_09025,B,A,0
colorbench_09027,A,,0
colorbench_09029,A,,0
colorbench_09031,A,,0
colorbench_09033,A,,0
colorbench_09035,A,,0
colorbench_09037,A,,0
colorbench_09039,A,A,1
colorbench_09041,A,A,1
colorbench_09043,A,A,1
colorbench_09045,A,,0
colorbench_09047,A,,0
colorbench_09049,A,A,1
colorbench_09051,B,A,0
colorbench_09053,B,,0
colorbench_09055,B,A,0
colorbench_09057,B,,0
colorbench_09059,B,A,0
colorbench_09061,B,,0
colorbench_09063,B,B,1
colorbench_09065,B,B,1
colorbench_09067,B,B,1
colorbench_09069,B,B,1
colorbench_09071,B,B,1
colorbench_09073,B,B,1
colorbench_09075,B,B,1
colorbench_09077,B,B,1
colorbench_09079,B,B,1
colorbench_09081,B,B,1
colorbench_09083,B,B,1
colorbench_09085,B,B,1
colorbench_09087,B,A,0
colorbench_09089,B,A,0
colorbench_09091,B,A,0
colorbench_09093,B,A,0
colorbench_09095,B,A,0
colorbench_09097,B,A,0
colorbench_09099,A,,0
colorbench_09101,A,,0
colorbench_09103,A,,0
colorbench_09105,A,A,1
colorbench_09107,A,A,1
colorbench_09109,A,A,1
colorbench_09111,B,B,1
colorbench_09113,B,B,1
colorbench_09115,B,B,1
colorbench_09117,B,B,1
colorbench_09119,B,B,1
colorbench_09121,B,B,1
colorbench_09123,A,B,0
colorbench_09125,A,B,0
colorbench_09127,A,B,0
colorbench_09129,A,B,0
colorbench_09131,A,B,0
colorbench_09133,A,B,0
colorbench_09135,B,B,1
colorbench_09137,B,B,1
colorbench_09139,B,B,1
colorbench_09141,B,B,1
colorbench_09143,B,B,1
colorbench_09145,B,B,1
colorbench_09147,B,B,1
colorbench_09149,B,B,1
colorbench_09151,B,B,1
colorbench_09153,B,B,1
colorbench_09155,B,B,1
colorbench_09157,B,B,1
colorbench_09159,A,B,0
colorbench_09161,A,B,0
colorbench_09163,A,B,0
colorbench_09165,A,B,0
colorbench_09167,A,B,0
colorbench_09169,A,B,0
colorbench_09171,A,A,1
colorbench_09173,A,A,1
colorbench_09175,A,A,1
colorbench_09177,A,A,1
colorbench_09179,A,,0
colorbench_09181,A,A,1
colorbench_09183,A,B,0
colorbench_09185,A,B,0
colorbench_09187,A,B,0
colorbench_09189,A,B,0
colorbench_09191,A,B,0
colorbench_09193,A,B,0
colorbench_09195,A,A,1
colorbench_09197,A,A,1
colorbench_09199,A,B,0
colorbench_09201,A,B,0
colorbench_09203,A,A,1
colorbench_09205,A,B,0
colorbench_09207,A,A,1
colorbench_09209,A,A,1
colorbench_09211,A,A,1
colorbench_09213,A,A,1
colorbench_09215,A,A,1
colorbench_09217,A,A,1
colorbench_09219,B,A,0
colorbench_09221,B,,0
colorbench_09223,B,A,0
colorbench_09225,B,A,0
colorbench_09227,B,A,0
colorbench_09229,B,A,0
colorbench_09231,A,,0
colorbench_09233,A,,0
colorbench_09235,A,,0
colorbench_09237,A,,0
colorbench_09239,A,,0
colorbench_09241,A,,0
colorbench_09243,B,B,1
colorbench_09245,B,B,1
colorbench_09247,B,B,1
colorbench_09249,B,B,1
colorbench_09251,B,B,1
colorbench_09253,B,B,1
colorbench_09255,B,B,1
colorbench_09257,B,B,1
colorbench_09259,B,B,1
colorbench_09261,B,B,1
colorbench_09263,B,B,1
colorbench_09265,B,B,1
colorbench_09267,B,B,1
colorbench_09269,B,B,1
colorbench_09271,B,B,1
colorbench_09273,B,B,1
colorbench_09275,B,B,1
colorbench_09277,B,B,1
colorbench_09279,B,B,1
colorbench_09281,B,B,1
colorbench_09283,B,B,1
colorbench_09285,B,B,1
colorbench_09287,B,B,1
colorbench_09289,B,B,1
colorbench_09291,A,B,0
colorbench_09293,A,B,0
colorbench_09295,A,B,0
colorbench_09297,A,B,0
colorbench_09299,A,B,0
colorbench_09301,A,B,0
colorbench_09303,A,B,0
colorbench_09305,A,B,0
colorbench_09307,A,B,0
colorbench_09309,A,B,0
colorbench_09311,A,B,0
colorbench_09313,A,B,0
colorbench_09315,B,B,1
colorbench_09317,B,B,1
colorbench_09319,B,B,1
colorbench_09321,B,B,1
colorbench_09323,B,B,1
colorbench_09325,B,B,1
colorbench_09327,A,B,0
colorbench_09329,A,B,0
colorbench_09331,A,B,0
colorbench_09333,A,B,0
colorbench_09335,A,B,0
colorbench_09337,A,B,0
colorbench_09339,A,B,0
colorbench_09341,A,B,0
colorbench_09343,A,B,0
colorbench_09345,A,B,0
colorbench_09347,A,B,0
colorbench_09349,A,B,0
colorbench_09351,B,,0
colorbench_09353,B,B,1
colorbench_09355,B,B,1
colorbench_09357,B,,0
colorbench_09359,B,,0
colorbench_09361,B,,0
colorbench_09363,A,A,1
colorbench_09365,A,A,1
colorbench_09367,A,A,1
colorbench_09369,A,A,1
colorbench_09371,A,A,1
colorbench_09373,A,A,1
colorbench_09375,B,B,1
colorbench_09377,B,B,1
colorbench_09379,B,B,1
colorbench_09381,B,B,1
colorbench_09383,B,B,1
colorbench_09385,B,B,1
colorbench_09387,B,B,1
colorbench_09389,B,B,1
colorbench_09391,B,A,0
colorbench_09393,B,A,0
colorbench_09395,B,A,0
colorbench_09397,B,A,0
colorbench_09399,A,A,1
colorbench_09401,A,A,1
colorbench_09403,A,A,1
colorbench_09405,A,A,1
colorbench_09407,A,A,1
colorbench_09409,A,A,1
colorbench_09411,A,A,1
colorbench_09413,A,A,1
colorbench_09415,A,A,1
colorbench_09417,A,A,1
colorbench_09419,A,A,1
colorbench_09421,A,A,1
colorbench_09423,A,A,1
colorbench_09425,A,A,1
colorbench_09427,A,A,1
colorbench_09429,A,A,1
colorbench_09431,A,A,1
colorbench_09433,A,A,1
colorbench_09435,A,A,1
colorbench_09437,A,A,1
colorbench_09439,A,A,1
colorbench_09441,A,A,1
colorbench_09443,A,A,1
colorbench_09445,A,A,1
colorbench_09447,B,A,0
colorbench_09449,B,A,0
colorbench_09451,B,A,0
colorbench_09453,B,A,0
colorbench_09455,B,A,0
colorbench_09457,B,A,0
colorbench_09459,A,A,1
colorbench_09461,A,A,1
colorbench_09463,A,A,1
colorbench_09465,A,A,1
colorbench_09467,A,A,1
colorbench_09469,A,A,1
colorbench_09471,B,A,0
colorbench_09473,B,A,0
colorbench_09475,B,A,0
colorbench_09477,B,A,0
colorbench_09479,B,A,0
colorbench_09481,B,A,0
colorbench_09483,A,A,1
colorbench_09485,A,A,1
colorbench_09487,A,A,1
colorbench_09489,A,A,1
colorbench_09491,A,A,1
colorbench_09493,A,A,1
colorbench_09495,A,A,1
colorbench_09497,A,A,1
colorbench_09499,A,A,1
colorbench_09501,A,A,1
colorbench_09503,A,A,1
colorbench_09505,A,A,1
colorbench_09507,B,A,0
colorbench_09509,B,A,0
colorbench_09511,B,A,0
colorbench_09513,B,A,0
colorbench_09515,B,A,0
colorbench_09517,B,A,0
colorbench_09519,A,A,1
colorbench_09521,A,A,1
colorbench_09523,A,A,1
colorbench_09525,A,A,1
colorbench_09527,A,A,1
colorbench_09529,A,A,1
colorbench_09531,B,A,0
colorbench_09533,B,A,0
colorbench_09535,B,,0
colorbench_09537,B,A,0
colorbench_09539,B,A,0
colorbench_09541,B,A,0
colorbench_09543,A,A,1
colorbench_09545,A,A,1
colorbench_09547,A,B,0
colorbench_09549,A,A,1
colorbench_09551,A,A,1
colorbench_09553,A,A,1
colorbench_09555,A,A,1
colorbench_09557,A,A,1
colorbench_09559,A,A,1
colorbench_09561,A,A,1
colorbench_09563,A,A,1
colorbench_09565,A,A,1
colorbench_09567,A,A,1
colorbench_09569,A,A,1
colorbench_09571,A,A,1
colorbench_09573,A,A,1
colorbench_09575,A,A,1
colorbench_09577,A,A,1
colorbench_09579,B,A,0
colorbench_09581,B,B,1
colorbench_09583,B,A,0
colorbench_09585,B,B,1
colorbench_09587,B,B,1
colorbench_09589,B,B,1
colorbench_09591,A,,0
colorbench_09593,A,,0
colorbench_09595,A,,0
colorbench_09597,A,,0
colorbench_09599,A,,0
colorbench_09601,A,,0
colorbench_09603,A,A,1
colorbench_09605,A,,0
colorbench_09607,A,,0
colorbench_09609,A,A,1
colorbench_09611,A,A,1
colorbench_09613,A,A,1
colorbench_09615,A,A,1
colorbench_09617,A,A,1
colorbench_09619,A,A,1
colorbench_09621,A,A,1
colorbench_09623,A,A,1
colorbench_09625,A,A,1
colorbench_09627,A,A,1
colorbench_09629,A,A,1
colorbench_09631,A,A,1
colorbench_09633,A,A,1
colorbench_09635,A,A,1
colorbench_09637,A,A,1
colorbench_09639,A,B,0
colorbench_09641,A,B,0
colorbench_09643,A,B,0
colorbench_09645,A,B,0
colorbench_09647,A,B,0
colorbench_09649,A,B,0
colorbench_09651,B,,0
colorbench_09653,B,,0
colorbench_09655,B,,0
colorbench_09657,B,,0
colorbench_09659,B,,0
colorbench_09661,B,,0
colorbench_09663,A,A,1
colorbench_09665,A,,0
colorbench_09667,A,A,1
colorbench_09669,A,A,1
colorbench_09671,A,A,1
colorbench_09673,A,A,1
colorbench_09675,B,A,0
colorbench_09677,B,A,0
colorbench_09679,B,A,0
colorbench_09681,B,A,0
colorbench_09683,B,A,0
colorbench_09685,B,A,0
colorbench_09687,A,A,1
colorbench_09689,A,A,1
colorbench_09691,A,A,1
colorbench_09693,A,A,1
colorbench_09695,A,A,1
colorbench_09697,A,A,1
colorbench_09699,B,A,0
colorbench_09701,B,A,0
colorbench_09703,B,A,0
colorbench_09705,B,A,0
colorbench_09707,B,A,0
colorbench_09709,B,A,0
colorbench_09711,B,A,0
colorbench_09713,B,,0
colorbench_09715,B,A,0
colorbench_09717,B,A,0
colorbench_09719,B,A,0
colorbench_09721,B,A,0
colorbench_09723,B,A,0
colorbench_09725,B,A,0
colorbench_09727,B,A,0
colorbench_09729,B,A,0
colorbench_09731,B,A,0
colorbench_09733,B,A,0
colorbench_09735,A,A,1
colorbench_09737,A,A,1
colorbench_09739,A,A,1
colorbench_09741,A,A,1
colorbench_09743,A,A,1
colorbench_09745,A,A,1
colorbench_09747,A,A,1
colorbench_09749,A,,0
colorbench_09751,A,,0
colorbench_09753,A,A,1
colorbench_09755,A,A,1
colorbench_09757,A,A,1
colorbench_09759,B,,0
colorbench_09761,B,A,0
colorbench_09763,B,,0
colorbench_09765,B,,0
colorbench_09767,B,,0
colorbench_09769,B,A,0
colorbench_09771,A,B,0
colorbench_09773,A,B,0
colorbench_09775,A,B,0
colorbench_09777,A,B,0
colorbench_09779,A,B,0
colorbench_09781,A,B,0
colorbench_09783,B,A,0
colorbench_09785,B,A,0
colorbench_09787,B,A,0
colorbench_09789,B,A,0
colorbench_09791,B,B,1
colorbench_09793,B,A,0
colorbench_09795,A,A,1
colorbench_09797,A,A,1
colorbench_09799,A,A,1
colorbench_09801,A,A,1
colorbench_09803,A,A,1
colorbench_09805,A,A,1
colorbench_09807,B,,0
colorbench_09809,B,,0
colorbench_09811,B,,0
colorbench_09813,B,,0
colorbench_09815,B,,0
colorbench_09817,B,,0
colorbench_09819,B,A,0
colorbench_09821,B,A,0
colorbench_09823,B,A,0
colorbench_09825,B,A,0
colorbench_09827,B,A,0
colorbench_09829,B,A,0
colorbench_09831,A,A,1
colorbench_09833,A,A,1
colorbench_09835,A,A,1
colorbench_09837,A,A,1
colorbench_09839,A,A,1
colorbench_09841,A,A,1
colorbench_09843,B,B,1
colorbench_09845,B,B,1
colorbench_09847,B,,0
colorbench_09849,B,B,1
colorbench_09851,B,B,1
colorbench_09853,B,B,1
colorbench_09855,A,A,1
colorbench_09857,A,A,1
colorbench_09859,A,A,1
colorbench_09861,A,,0
colorbench_09863,A,,0
colorbench_09865,A,,0
colorbench_09867,A,A,1
colorbench_09869,A,A,1
colorbench_09871,A,A,1
colorbench_09873,A,A,1
colorbench_09875,A,A,1
colorbench_09877,A,A,1
colorbench_09879,B,A,0
colorbench_09881,B,,0
colorbench_09883,B,,0
colorbench_09885,B,A,0
colorbench_09887,B,A,0
colorbench_09889,B,A,0
colorbench_09891,A,A,1
colorbench_09893,A,A,1
colorbench_09895,A,A,1
colorbench_09897,A,A,1
colorbench_09899,A,A,1
colorbench_09901,A,A,1
colorbench_09903,B,A,0
colorbench_09905,B,A,0
colorbench_09907,B,A,0
colorbench_09909,B,A,0
colorbench_09911,B,A,0
colorbench_09913,B,A,0
colorbench_09915,B,A,0
colorbench_09917,B,A,0
colorbench_09919,B,A,0
colorbench_09921,B,A,0
colorbench_09923,B,A,0
colorbench_09925,B,A,0
colorbench_09927,A,,0
colorbench_09929,A,,0
colorbench_09931,A,,0
colorbench_09933,A,,0
colorbench_09935,A,,0
colorbench_09937,A,,0
colorbench_09939,B,,0
colorbench_09941,B,,0
colorbench_09943,B,,0
colorbench_09945,B,,0
colorbench_09947,B,,0
colorbench_09949,B,,0
colorbench_09951,A,,0
colorbench_09953,A,,0
colorbench_09955,A,,0
colorbench_09957,A,,0
colorbench_09959,A,,0
colorbench_09961,A,,0
colorbench_09963,B,,0
colorbench_09965,B,,0
colorbench_09967,B,,0
colorbench_09969,B,,0
colorbench_09971,B,,0
colorbench_09973,B,,0
colorbench_09975,B,A,0
colorbench_09977,B,A,0
colorbench_09979,B,,0
colorbench_09981,B,A,0
colorbench_09983,B,A,0
colorbench_09985,B,A,0
colorbench_09987,B,,0
colorbench_09989,B,,0
colorbench_09991,B,,0
colorbench_09993,B,,0
colorbench_09995,B,,0
colorbench_09997,B,,0
colorbench_09999,A,,0
colorbench_10001,A,,0
colorbench_10003,A,,0
colorbench_10005,A,,0
colorbench_10007,A,,0
colorbench_10009,A,,0
colorbench_10011,B,,0
colorbench_10013,B,,0
colorbench_10015,B,,0
colorbench_10017,B,A,0
colorbench_10019,B,,0
colorbench_10021,B,,0
colorbench_10023,A,A,1
colorbench_10025,A,A,1
colorbench_10027,A,A,1
colorbench_10029,A,A,1
colorbench_10031,A,A,1
colorbench_10033,A,A,1
colorbench_10035,A,A,1
colorbench_10037,A,A,1
colorbench_10039,A,A,1
colorbench_10041,A,A,1
colorbench_10043,A,A,1
colorbench_10045,A,A,1
colorbench_10047,A,A,1
colorbench_10049,A,A,1
colorbench_10051,A,A,1
colorbench_10053,A,A,1
colorbench_10055,A,,0
colorbench_10057,A,A,1
colorbench_10059,B,,0
colorbench_10061,B,,0
colorbench_10063,B,,0
colorbench_10065,B,,0
colorbench_10067,B,,0
colorbench_10069,B,,0
colorbench_10071,B,A,0
colorbench_10073,B,,0
colorbench_10075,B,,0
colorbench_10077,B,A,0
colorbench_10079,B,,0
colorbench_10081,B,,0
colorbench_10083,A,,0
colorbench_10085,A,,0
colorbench_10087,A,,0
colorbench_10089,A,,0
colorbench_10091,A,,0
colorbench_10093,A,A,1
colorbench_10095,A,A,1
colorbench_10097,A,A,1
colorbench_10099,A,A,1
colorbench_10101,A,A,1
colorbench_10103,A,A,1
colorbench_10105,A,A,1
colorbench_10107,B,A,0
colorbench_10109,B,A,0
colorbench_10111,B,A,0
colorbench_10113,B,A,0
colorbench_10115,B,A,0
colorbench_10117,B,A,0
colorbench_10119,A,,0
colorbench_10121,A,,0
colorbench_10123,A,,0
colorbench_10125,A,,0
colorbench_10127,A,,0
colorbench_10129,A,,0
colorbench_10131,A,,0
colorbench_10133,A,,0
colorbench_10135,A,,0
colorbench_10137,A,,0
colorbench_10139,A,,0
colorbench_10141,A,,0
colorbench_10143,A,A,1
colorbench_10145,A,,0
colorbench_10147,A,,0
colorbench_10149,A,A,1
colorbench_10151,A,A,1
colorbench_10153,A,A,1
colorbench_10155,B,A,0
colorbench_10157,B,A,0
colorbench_10159,B,A,0
colorbench_10161,B,A,0
colorbench_10163,B,A,0
colorbench_10165,B,A,0
colorbench_10167,B,,0
colorbench_10169,B,,0
colorbench_10171,B,,0
colorbench_10173,B,,0
colorbench_10175,B,,0
colorbench_10177,B,,0
colorbench_10179,A,A,1
colorbench_10181,A,B,0
colorbench_10183,A,A,1
colorbench_10185,A,B,0
colorbench_10187,A,A,1
colorbench_10189,A,A,1
colorbench_10191,A,,0
colorbench_10193,A,,0
colorbench_10195,A,,0
colorbench_10197,A,,0
colorbench_10199,A,,0
colorbench_10201,A,,0
colorbench_10203,B,B,1
colorbench_10205,B,B,1
colorbench_10207,B,B,1
colorbench_10209,B,B,1
colorbench_10211,B,B,1
colorbench_10213,B,B,1
colorbench_10215,B,,0
colorbench_10217,B,,0
colorbench_10219,B,,0
colorbench_10221,B,,0
colorbench_10223,B,,0
colorbench_10225,B,,0
colorbench_10227,B,,0
colorbench_10229,B,,0
colorbench_10231,B,,0
colorbench_10233,B,A,0
colorbench_10235,B,,0
colorbench_10237,B,A,0
colorbench_10239,B,,0
colorbench_10241,B,,0
colorbench_10243,B,,0
colorbench_10245,B,A,0
colorbench_10247,B,A,0
colorbench_10249,B,A,0
colorbench_10251,B,,0
colorbench_10253,B,,0
colorbench_10255,B,,0
colorbench_10257,B,,0
colorbench_10259,B,,0
colorbench_10261,B,,0
colorbench_10263,A,,0
colorbench_10265,A,,0
colorbench_10267,A,,0
colorbench_10269,A,,0
colorbench_10271,A,,0
colorbench_10273,A,,0
colorbench_10275,B,,0
colorbench_10277,B,,0
colorbench_10279,B,,0
colorbench_10281,B,,0
colorbench_10283,B,,0
colorbench_10285,B,,0
colorbench_10287,A,,0
colorbench_10289,A,,0
colorbench_10291,A,,0
colorbench_10293,A,,0
colorbench_10295,A,,0
colorbench_10297,A,,0
colorbench_10299,A,,0
colorbench_10301,A,,0
colorbench_10303,A,,0
colorbench_10305,A,A,1
colorbench_10307,A,,0
colorbench_10309,A,,0
colorbench_10311,A,,0
colorbench_10313,A,,0
colorbench_10315,A,,0
colorbench_10317,A,,0
colorbench_10319,A,,0
colorbench_10321,A,,0
colorbench_10323,B,,0
colorbench_10325,B,,0
colorbench_10327,B,,0
colorbench_10329,B,,0
colorbench_10331,B,,0
colorbench_10333,B,,0
colorbench_10335,A,,0
colorbench_10337,A,,0
colorbench_10339,A,,0
colorbench_10341,A,,0
colorbench_10343,A,,0
colorbench_10345,A,,0
colorbench_10347,A,,0
colorbench_10349,A,,0
colorbench_10351,A,,0
colorbench_10353,A,,0
colorbench_10355,A,,0
colorbench_10357,A,,0
colorbench_10359,A,,0
colorbench_10361,A,,0
colorbench_10363,A,,0
colorbench_10365,A,,0
colorbench_10367,A,,0
colorbench_10369,A,,0
colorbench_10371,B,,0
colorbench_10373,B,A,0
colorbench_10375,B,A,0
colorbench_10377,B,,0
colorbench_10379,B,,0
colorbench_10381,B,,0
colorbench_10383,B,,0
colorbench_10385,B,,0
colorbench_10387,B,,0
colorbench_10389,B,,0
colorbench_10391,B,,0
colorbench_10393,B,,0
colorbench_10395,A,,0
colorbench_10397,A,,0
colorbench_10399,A,,0
colorbench_10401,A,A,1
colorbench_10403,A,,0
colorbench_10405,A,,0
colorbench_10407,A,,0
colorbench_10409,A,,0
colorbench_10411,A,,0
colorbench_10413,A,,0
colorbench_10415,A,,0
colorbench_10417,A,,0
colorbench_10419,B,,0
colorbench_10421,B,,0
colorbench_10423,B,,0
colorbench_10425,B,A,0
colorbench_10427,B,,0
colorbench_10429,B,,0
colorbench_10431,B,A,0
colorbench_10433,B,A,0
colorbench_10435,B,A,0
colorbench_10437,B,A,0
colorbench_10439,B,A,0
colorbench_10441,B,A,0
colorbench_10443,A,A,1
colorbench_10445,A,,0
colorbench_10447,A,A,1
colorbench_10449,A,A,1
colorbench_10451,A,A,1
colorbench_10453,A,A,1
colorbench_10455,A,A,1
colorbench_10457,A,A,1
colorbench_10459,A,A,1
colorbench_10461,A,A,1
colorbench_10463,A,A,1
colorbench_10465,A,B,0
colorbench_10467,B,,0
colorbench_10469,B,,0
colorbench_10471,B,,0
colorbench_10473,B,,0
colorbench_10475,B,,0
colorbench_10477,B,,0
colorbench_10479,B,A,0
colorbench_10481,B,,0
colorbench_10483,B,,0
colorbench_10485,B,A,0
colorbench_10487,B,A,0
colorbench_10489,B,A,0
colorbench_10491,A,,0
colorbench_10493,A,,0
colorbench_10495,A,,0
colorbench_10497,A,,0
colorbench_10499,A,,0
colorbench_10501,A,,0
colorbench_10503,B,,0
colorbench_10505,B,A,0
colorbench_10507,B,A,0
colorbench_10509,B,A,0
colorbench_10511,B,A,0
colorbench_10513,B,A,0
colorbench_10515,B,A,0
colorbench_10517,B,A,0
colorbench_10519,B,,0
colorbench_10521,B,A,0
colorbench_10523,B,,0
colorbench_10525,B,,0
colorbench_10527,B,,0
colorbench_10529,B,,0
colorbench_10531,B,,0
colorbench_10533,B,,0
colorbench_10535,B,,0
colorbench_10537,B,,0
colorbench_10539,B,,0
colorbench_10541,B,,0
colorbench_10543,B,,0
colorbench_10545,B,A,0
colorbench_10547,B,A,0
colorbench_10549,B,A,0
colorbench_10551,B,A,0
colorbench_10553,B,A,0
colorbench_10555,B,A,0
colorbench_10557,B,A,0
colorbench_10559,B,A,0
colorbench_10561,B,A,0
colorbench_10563,B,,0
colorbench_10565,B,A,0
colorbench_10567,B,A,0
colorbench_10569,B,,0
colorbench_10571,B,,0
colorbench_10573,B,,0
colorbench_10575,A,,0
colorbench_10577,A,,0
colorbench_10579,A,,0
colorbench_10581,A,,0
colorbench_10583,A,,0
colorbench_10585,A,,0
colorbench_10587,B,B,1
colorbench_10589,B,,0
colorbench_10591,B,,0
colorbench_10593,B,,0
colorbench_10595,B,B,1
colorbench_10597,B,,0
colorbench_10599,A,,0
colorbench_10601,A,,0
colorbench_10603,A,,0
colorbench_10605,A,,0
colorbench_10607,A,,0
colorbench_10609,A,,0
colorbench_10611,B,,0
colorbench_10613,B,,0
colorbench_10615,B,,0
colorbench_10617,B,,0
colorbench_10619,B,,0
colorbench_10621,B,,0
colorbench_10623,B,,0
colorbench_10625,B,,0
colorbench_10627,B,,0
colorbench_10629,B,,0
colorbench_10631,B,,0
colorbench_10633,B,,0
colorbench_10635,A,B,0
colorbench_10637,A,B,0
colorbench_10639,A,B,0
colorbench_10641,A,B,0
colorbench_10643,A,B,0
colorbench_10645,A,B,0
colorbench_10647,A,,0
colorbench_10649,A,,0
colorbench_10651,A,,0
colorbench_10653,A,,0
colorbench_10655,A,,0
colorbench_10657,A,,0
colorbench_10659,B,,0
colorbench_10661,B,,0
colorbench_10663,B,,0
colorbench_10665,B,,0
colorbench_10667,B,,0
colorbench_10669,B,,0
colorbench_10671,A,B,0
colorbench_10673,A,B,0
colorbench_10675,A,B,0
colorbench_10677,A,B,0
colorbench_10679,A,B,0
colorbench_10681,A,B,0
colorbench_10683,A,B,0
colorbench_10685,A,B,0
colorbench_10687,A,B,0
colorbench_10689,A,B,0
colorbench_10691,A,B,0
colorbench_10693,A,A,1
colorbench_10695,C,B,0
colorbench_10697,C,B,0
colorbench_10699,C,B,0
colorbench_10701,C,B,0
colorbench_10703,C,B,0
colorbench_10705,C,B,0
colorbench_10707,F,B,0
colorbench_10709,F,B,0
colorbench_10711,F,B,0
colorbench_10713,F,B,0
colorbench_10715,F,B,0
colorbench_10717,F,B,0
colorbench_10719,B,B,1
colorbench_10721,B,B,1
colorbench_10723,B,B,1
colorbench_10725,B,B,1
colorbench_10727,B,B,1
colorbench_10729,B,B,1
colorbench_10731,A,,0
colorbench_10733,A,,0
colorbench_10735,A,,0
colorbench_10737,A,,0
colorbench_10739,A,A,1
colorbench_10741,A,,0
colorbench_10743,B,,0
colorbench_10745,B,,0
colorbench_10747,B,,0
colorbench_10749,B,,0
colorbench_10751,B,,0
colorbench_10753,B,,0
colorbench_10755,B,B,1
colorbench_10757,B,B,1
colorbench_10759,B,B,1
colorbench_10761,B,A,0
colorbench_10763,B,A,0
colorbench_10765,B,A,0
colorbench_10767,A,B,0
colorbench_10769,A,B,0
colorbench_10771,A,B,0
colorbench_10773,A,,0
colorbench_10775,A,B,0
colorbench_10777,A,B,0
colorbench_10779,A,B,0
colorbench_10781,A,B,0
colorbench_10783,A,B,0
colorbench_10785,A,B,0
colorbench_10787,A,B,0
colorbench_10789,A,B,0
colorbench_10791,B,,0
colorbench_10793,B,,0
colorbench_10795,B,A,0
colorbench_10797,B,,0
colorbench_10799,B,,0
colorbench_10801,B,A,0
colorbench_10803,B,,0
colorbench_10805,B,,0
colorbench_10807,B,,0
colorbench_10809,B,,0
colorbench_10811,B,,0
colorbench_10813,B,,0
__summary__,,acc=0.2743,1614
