id,gold,pred,correct
colorbench_00000,D,A,0
colorbench_00001,D,C,0
colorbench_00002,D,C,0
colorbench_00003,C,S,0
colorbench_00004,D,S,0
colorbench_00005,B,B,1
colorbench_00006,C,,0
colorbench_00007,D,S,0
colorbench_00008,A,B,0
colorbench_00009,D,C,0
colorbench_00010,A,S,0
colorbench_00011,D,B,0
colorbench_00012,D,S,0
colorbench_00013,D,B,0
colorbench_00014,A,C,0
colorbench_00015,B,S,0
colorbench_00016,C,S,0
colorbench_00017,B,S,0
colorbench_00018,B,S,0
colorbench_00019,B,C,0
colorbench_00020,D,D,1
colorbench_00021,C,C,1
colorbench_00022,D,C,0
colorbench_00023,A,D,0
colorbench_00024,C,D,0
colorbench_00025,D,S,0
colorbench_00026,C,S,0
colorbench_00027,C,S,0
colorbench_00028,B,B,1
colorbench_00029,B,S,0
colorbench_00030,A,C,0
colorbench_00031,C,S,0
colorbench_00032,C,A,0
colorbench_00033,D,C,0
colorbench_00034,D,S,0
colorbench_00035,D,B,0
colorbench_00036,A,B,0
colorbench_00037,B,B,1
colorbench_00038,B,S,0
colorbench_00039,A,S,0
colorbench_00040,C,A,0
colorbench_00041,C,B,0
colorbench_00042,C,S,0
colorbench_00043,C,S,0
colorbench_00044,A,D,0
colorbench_00045,A,S,0
colorbench_00046,B,D,0
colorbench_00047,B,S,0
colorbench_00048,A,S,0
colorbench_00049,B,S,0
colorbench_00050,B,,0
colorbench_00051,A,S,0
colorbench_00052,B,S,0
colorbench_00053,A,C,0
colorbench_00054,C,S,0
colorbench_00055,A,S,0
colorbench_00056,C,S,0
colorbench_00057,C,A,0
colorbench_00058,A,,0
colorbench_00059,A,S,0
colorbench_00060,C,,0
colorbench_00061,A,S,0
colorbench_00062,C,S,0
colorbench_00063,A,,0
colorbench_00064,D,S,0
colorbench_00065,B,C,0
colorbench_00066,D,S,0
colorbench_00067,A,,0
colorbench_00068,D,S,0
colorbench_00069,D,D,1
colorbench_00070,D,S,0
colorbench_00071,A,S,0
colorbench_00072,C,,0
colorbench_00073,D,,0
colorbench_00074,D,C,0
colorbench_00075,D,C,0
colorbench_00076,A,S,0
colorbench_00077,B,S,0
colorbench_00078,D,B,0
colorbench_00079,D,S,0
colorbench_00080,D,S,0
colorbench_00081,D,S,0
colorbench_00082,D,S,0
colorbench_00083,B,S,0
colorbench_00084,D,D,1
colorbench_00085,D,S,0
colorbench_00086,C,B,0
colorbench_00087,C,S,0
colorbench_00088,D,C,0
colorbench_00089,C,S,0
colorbench_00090,D,S,0
colorbench_00091,D,S,0
colorbench_00092,C,S,0
colorbench_00093,A,S,0
colorbench_00094,A,S,0
colorbench_00095,B,S,0
colorbench_00096,B,S,0
colorbench_00097,C,C,1
colorbench_00098,B,S,0
colorbench_00099,C,B,0
colorbench_00100,C,B,0
colorbench_00101,B,S,0
colorbench_00102,B,S,0
colorbench_00103,A,S,0
colorbench_00104,A,C,0
colorbench_00105,A,B,0
colorbench_00106,A,C,0
colorbench_00107,B,B,1
colorbench_00108,A,C,0
colorbench_00109,A,B,0
colorbench_00110,B,C,0
colorbench_00111,A,B,0
colorbench_00112,C,S,0
colorbench_00113,C,S,0
colorbench_00114,B,S,0
colorbench_00115,B,,0
colorbench_00116,B,S,0
colorbench_00117,A,C,0
colorbench_00118,C,S,0
colorbench_00119,D,D,1
colorbench_00120,A,,0
colorbench_00121,A,S,0
colorbench_00122,B,S,0
colorbench_00123,B,S,0
colorbench_00124,B,S,0
colorbench_00125,A,S,0
colorbench_00126,C,A,0
colorbench_00127,C,S,0
colorbench_00128,D,S,0
colorbench_00129,C,S,0
colorbench_00130,D,S,0
colorbench_00131,D,S,0
colorbench_00132,C,S,0
colorbench_00133,B,S,0
colorbench_00134,B,S,0
colorbench_00135,C,S,0
colorbench_00136,C,S,0
colorbench_00137,A,D,0
colorbench_00138,D,D,1
colorbench_00139,C,B,0
colorbench_00140,D,S,0
colorbench_00141,D,S,0
colorbench_00142,D,S,0
colorbench_00143,C,S,0
colorbench_00144,D,S,0
colorbench_00145,C,S,0
colorbench_00146,B,S,0
colorbench_00147,C,S,0
colorbench_00148,C,S,0
colorbench_00149,D,S,0
colorbench_00150,C,S,0
colorbench_00151,D,S,0
colorbench_00152,C,D,0
colorbench_00153,B,S,0
colorbench_00154,D,S,0
colorbench_00155,D,S,0
colorbench_00156,D,S,0
colorbench_00000,D,,0
colorbench_00001,D,S,0
colorbench_00002,D,S,0
colorbench_00003,C,,0
colorbench_00004,D,G,0
colorbench_00005,B,B,1
colorbench_00006,C,R,0
colorbench_00007,D,R,0
colorbench_00008,A,G,0
colorbench_00009,D,B,0
colorbench_00010,A,R,0
colorbench_00011,D,G,0
colorbench_00012,D,S,0
colorbench_00013,D,A,0
colorbench_00014,A,A,1
colorbench_00015,B,,0
colorbench_00016,C,,0
colorbench_00017,B,,0
colorbench_00018,B,,0
colorbench_00019,B,,0
colorbench_00020,D,S,0
colorbench_00021,C,C,1
colorbench_00022,D,S,0
colorbench_00023,A,,0
colorbench_00024,C,A,0
colorbench_00025,D,S,0
colorbench_00026,C,,0
colorbench_00027,C,B,0
colorbench_00028,B,,0
colorbench_00029,B,S,0
colorbench_00030,A,,0
colorbench_00031,C,,0
colorbench_00032,C,S,0
colorbench_00033,D,S,0
colorbench_00034,D,S,0
colorbench_00035,D,S,0
colorbench_00036,A,,0
colorbench_00037,B,B,1
colorbench_00038,B,,0
colorbench_00039,A,B,0
colorbench_00040,C,,0
colorbench_00041,C,S,0
colorbench_00042,C,S,0
colorbench_00043,C,,0
colorbench_00044,A,S,0
colorbench_00045,A,B,0
colorbench_00046,B,S,0
colorbench_00047,B,,0
colorbench_00048,A,,0
colorbench_00049,B,A,0
colorbench_00050,B,,0
colorbench_00051,A,,0
colorbench_00052,B,,0
colorbench_00053,A,B,0
colorbench_00054,C,S,0
colorbench_00055,A,,0
colorbench_00056,C,A,0
colorbench_00057,C,,0
colorbench_00058,A,,0
colorbench_00059,A,,0
colorbench_00060,C,S,0
colorbench_00061,A,,0
colorbench_00062,C,,0
colorbench_00063,A,S,0
colorbench_00064,D,S,0
colorbench_00065,B,A,0
colorbench_00066,D,A,0
colorbench_00067,A,B,0
colorbench_00068,D,,0
colorbench_00069,D,,0
colorbench_00070,D,S,0
colorbench_00071,A,,0
colorbench_00072,C,S,0
colorbench_00073,D,,0
colorbench_00074,D,B,0
colorbench_00075,D,S,0
colorbench_00076,A,,0
colorbench_00077,B,S,0
colorbench_00078,D,S,0
colorbench_00079,D,S,0
colorbench_00080,D,S,0
colorbench_00081,D,C,0
colorbench_00082,D,S,0
colorbench_00083,B,S,0
colorbench_00084,D,S,0
colorbench_00085,D,S,0
colorbench_00086,C,S,0
colorbench_00087,C,S,0
colorbench_00088,D,,0
colorbench_00089,C,A,0
colorbench_00090,D,,0
colorbench_00091,D,S,0
colorbench_00092,C,A,0
colorbench_00093,A,C,0
colorbench_00094,A,C,0
colorbench_00095,B,S,0
colorbench_00096,B,A,0
colorbench_00097,C,S,0
colorbench_00098,B,S,0
colorbench_00099,C,C,1
colorbench_00100,C,A,0
colorbench_00000,D,,0
colorbench_00001,D,,0
colorbench_00002,D,S,0
colorbench_00003,C,,0
colorbench_00004,D,,0
colorbench_00005,B,,0
colorbench_00006,C,,0
colorbench_00007,D,,0
colorbench_00008,A,S,0
colorbench_00009,D,,0
colorbench_00010,A,,0
colorbench_00011,D,S,0
colorbench_00012,D,,0
colorbench_00013,D,,0
colorbench_00014,A,B,0
colorbench_00015,B,,0
colorbench_00016,C,,0
colorbench_00017,B,,0
colorbench_00018,B,S,0
colorbench_00019,B,,0
colorbench_00020,D,A,0
colorbench_00021,C,B,0
colorbench_00022,D,A,0
colorbench_00023,A,I,0
colorbench_00024,C,I,0
colorbench_00025,D,A,0
colorbench_00026,C,B,0
colorbench_00027,C,A,0
colorbench_00028,B,A,0
colorbench_00029,B,I,0
colorbench_00030,A,S,0
colorbench_00031,C,I,0
colorbench_00032,C,A,0
colorbench_00033,D,I,0
colorbench_00034,D,S,0
colorbench_00035,D,I,0
colorbench_00036,A,A,1
colorbench_00037,B,I,0
colorbench_00038,B,B,1
colorbench_00039,A,A,1
colorbench_00040,C,,0
colorbench_00041,C,A,0
colorbench_00042,C,I,0
colorbench_00043,C,S,0
colorbench_00044,A,I,0
colorbench_00045,A,A,1
colorbench_00046,B,S,0
colorbench_00047,B,I,0
colorbench_00048,A,I,0
colorbench_00049,B,D,0
colorbench_00050,B,I,0
colorbench_00051,A,I,0
colorbench_00052,B,I,0
colorbench_00053,A,S,0
colorbench_00054,C,I,0
colorbench_00055,A,,0
colorbench_00056,C,,0
colorbench_00057,C,,0
colorbench_00058,A,,0
colorbench_00059,A,A,1
colorbench_00060,C,I,0
colorbench_00061,A,I,0
colorbench_00062,C,C,1
colorbench_00063,A,I,0
colorbench_00064,D,I,0
colorbench_00065,B,C,0
colorbench_00066,D,I,0
colorbench_00067,A,I,0
colorbench_00068,D,S,0
colorbench_00069,D,I,0
colorbench_00070,D,A,0
colorbench_00071,A,A,1
colorbench_00072,C,I,0
colorbench_00073,D,A,0
colorbench_00074,D,B,0
colorbench_00075,D,A,0
colorbench_00076,A,A,1
colorbench_00077,B,I,0
colorbench_00078,D,I,0
colorbench_00079,D,S,0
colorbench_00080,D,S,0
colorbench_00081,D,I,0
colorbench_00082,D,I,0
colorbench_00083,B,S,0
colorbench_00084,D,A,0
colorbench_00085,D,A,0
colorbench_00086,C,S,0
colorbench_00087,C,,0
colorbench_00088,D,I,0
colorbench_00089,C,S,0
colorbench_00090,D,,0
colorbench_00091,D,I,0
colorbench_00092,C,,0
colorbench_00093,A,A,1
colorbench_00094,A,,0
colorbench_00095,B,I,0
colorbench_00096,B,A,0
colorbench_00097,C,,0
colorbench_00098,B,S,0
colorbench_00099,C,S,0
colorbench_00100,C,,0
colorbench_00101,B,S,0
colorbench_00000,D,S,0
colorbench_00001,D,S,0
colorbench_00002,D,S,0
colorbench_00003,C,A,0
colorbench_00004,D,A,0
colorbench_00005,B,A,0
colorbench_00006,C,S,0
colorbench_00007,D,S,0
colorbench_00008,A,S,0
colorbench_00009,D,S,0
colorbench_00010,A,S,0
colorbench_00011,D,S,0
colorbench_00012,D,S,0
colorbench_00013,D,S,0
colorbench_00014,A,S,0
colorbench_00015,B,E,0
colorbench_00016,C,S,0
colorbench_00017,B,,0
colorbench_00018,B,S,0
colorbench_00019,B,S,0
colorbench_00020,D,S,0
colorbench_00021,C,S,0
colorbench_00022,D,S,0
colorbench_00023,A,S,0
colorbench_00024,C,,0
colorbench_00025,D,S,0
colorbench_00026,C,S,0
colorbench_00027,C,E,0
colorbench_00028,B,S,0
colorbench_00029,B,S,0
colorbench_00030,A,S,0
colorbench_00031,C,S,0
colorbench_00032,C,S,0
colorbench_00033,D,S,0
colorbench_00034,D,I,0
colorbench_00035,D,S,0
colorbench_00036,A,S,0
colorbench_00037,B,S,0
colorbench_00038,B,I,0
colorbench_00039,A,,0
colorbench_00040,C,B,0
colorbench_00041,C,B,0
colorbench_00042,C,S,0
colorbench_00043,C,S,0
colorbench_00044,A,S,0
colorbench_00045,A,S,0
colorbench_00046,B,S,0
colorbench_00047,B,S,0
colorbench_00048,A,S,0
colorbench_00049,B,S,0
colorbench_00050,B,S,0
colorbench_00051,A,S,0
colorbench_00052,B,S,0
colorbench_00053,A,S,0
colorbench_00054,C,A,0
colorbench_00055,A,S,0
colorbench_00056,C,S,0
colorbench_00057,C,S,0
colorbench_00058,A,I,0
colorbench_00059,A,S,0
colorbench_00060,C,S,0
colorbench_00061,A,S,0
colorbench_00062,C,E,0
colorbench_00063,A,S,0
colorbench_00064,D,D,1
colorbench_00065,B,S,0
colorbench_00066,D,E,0
colorbench_00067,A,S,0
colorbench_00068,D,S,0
colorbench_00069,D,E,0
colorbench_00070,D,S,0
colorbench_00071,A,S,0
colorbench_00072,C,E,0
colorbench_00073,D,E,0
colorbench_00074,D,B,0
colorbench_00075,D,S,0
colorbench_00076,A,S,0
colorbench_00077,B,S,0
colorbench_00078,D,S,0
colorbench_00079,D,D,1
colorbench_00080,D,C,0
colorbench_00081,D,S,0
colorbench_00082,D,E,0
colorbench_00083,B,S,0
colorbench_00084,D,E,0
colorbench_00085,D,C,0
colorbench_00086,C,S,0
colorbench_00087,C,S,0
colorbench_00088,D,,0
colorbench_00089,C,S,0
colorbench_00090,D,S,0
colorbench_00091,D,S,0
colorbench_00092,C,S,0
colorbench_00093,A,E,0
colorbench_00094,A,S,0
colorbench_00095,B,S,0
colorbench_00096,B,I,0
colorbench_00097,C,S,0
colorbench_00098,B,,0
colorbench_00099,C,I,0
colorbench_00100,C,S,0
colorbench_00101,B,A,0
colorbench_00102,B,S,0
colorbench_00000,D,S,0
colorbench_00001,D,S,0
colorbench_00002,D,,0
colorbench_00003,C,S,0
colorbench_00004,D,S,0
colorbench_00005,B,S,0
colorbench_00006,C,S,0
colorbench_00007,D,,0
colorbench_00008,A,S,0
colorbench_00009,D,E,0
colorbench_00010,A,,0
colorbench_00011,D,S,0
colorbench_00012,D,S,0
colorbench_00013,D,A,0
colorbench_00014,A,S,0
colorbench_00015,B,S,0
colorbench_00016,C,A,0
colorbench_00017,B,S,0
colorbench_00018,B,S,0
colorbench_00019,B,S,0
colorbench_00020,D,S,0
colorbench_00021,C,C,1
colorbench_00022,D,C,0
colorbench_00023,A,S,0
colorbench_00024,C,D,0
colorbench_00025,D,S,0
colorbench_00026,C,S,0
colorbench_00027,C,E,0
colorbench_00028,B,,0
colorbench_00029,B,S,0
colorbench_00030,A,S,0
colorbench_00031,C,S,0
colorbench_00032,C,S,0
colorbench_00033,D,S,0
colorbench_00034,D,E,0
colorbench_00035,D,S,0
colorbench_00036,A,S,0
colorbench_00037,B,S,0
colorbench_00038,B,S,0
colorbench_00039,A,C,0
colorbench_00040,C,E,0
colorbench_00041,C,A,0
colorbench_00042,C,S,0
colorbench_00043,C,S,0
colorbench_00044,A,S,0
colorbench_00045,A,E,0
colorbench_00046,B,,0
colorbench_00047,B,A,0
colorbench_00048,A,S,0
colorbench_00049,B,S,0
colorbench_00050,B,S,0
colorbench_00051,A,S,0
colorbench_00052,B,S,0
colorbench_00053,A,S,0
colorbench_00054,C,A,0
colorbench_00055,A,S,0
colorbench_00056,C,S,0
colorbench_00057,C,S,0
colorbench_00058,A,S,0
colorbench_00059,A,S,0
colorbench_00060,C,S,0
colorbench_00061,A,S,0
colorbench_00062,C,S,0
colorbench_00063,A,S,0
colorbench_00064,D,S,0
colorbench_00065,B,S,0
colorbench_00066,D,S,0
colorbench_00067,A,B,0
colorbench_00068,D,,0
colorbench_00069,D,S,0
colorbench_00070,D,S,0
colorbench_00071,A,S,0
colorbench_00072,C,S,0
colorbench_00073,D,S,0
colorbench_00074,D,D,1
colorbench_00075,D,S,0
colorbench_00000,D,C,0
colorbench_00001,D,A,0
colorbench_00002,D,A,0
colorbench_00003,C,A,0
colorbench_00004,D,C,0
colorbench_00005,B,A,0
colorbench_00006,C,C,1
colorbench_00007,D,A,0
colorbench_00008,A,S,0
colorbench_00009,D,C,0
colorbench_00010,A,A,1
colorbench_00011,D,A,0
colorbench_00012,D,A,0
colorbench_00013,D,A,0
colorbench_00014,A,A,1
colorbench_00015,B,A,0
colorbench_00016,C,A,0
colorbench_00017,B,C,0
colorbench_00018,B,A,0
colorbench_00019,B,C,0
colorbench_00020,D,C,0
colorbench_00021,C,A,0
colorbench_00022,D,C,0
colorbench_00023,A,C,0
colorbench_00024,C,A,0
colorbench_00025,D,A,0
colorbench_00026,C,A,0
colorbench_00027,C,A,0
colorbench_00028,B,C,0
colorbench_00029,B,A,0
colorbench_00030,A,S,0
colorbench_00031,C,S,0
colorbench_00032,C,A,0
colorbench_00033,D,S,0
colorbench_00034,D,S,0
colorbench_00035,D,S,0
colorbench_00036,A,S,0
colorbench_00037,B,A,0
colorbench_00038,B,,0
colorbench_00039,A,,0
colorbench_00040,C,S,0
colorbench_00041,C,A,0
colorbench_00042,C,S,0
colorbench_00043,C,S,0
colorbench_00044,A,,0
colorbench_00045,A,N,0
colorbench_00046,B,S,0
colorbench_00047,B,S,0
colorbench_00048,A,A,1
colorbench_00049,B,S,0
colorbench_00050,B,S,0
colorbench_00051,A,S,0
colorbench_00052,B,A,0
colorbench_00053,A,C,0
colorbench_00054,C,A,0
colorbench_00055,A,S,0
colorbench_00056,C,S,0
colorbench_00057,C,C,1
colorbench_00058,A,C,0
colorbench_00059,A,S,0
colorbench_00060,C,A,0
colorbench_00061,A,S,0
colorbench_00062,C,S,0
colorbench_00063,A,S,0
colorbench_00064,D,A,0
colorbench_00065,B,S,0
colorbench_00066,D,S,0
colorbench_00067,A,S,0
colorbench_00068,D,A,0
colorbench_00069,D,C,0
colorbench_00070,D,C,0
colorbench_00071,A,B,0
colorbench_00072,C,,0
colorbench_00073,D,,0
colorbench_00074,D,S,0
colorbench_00075,D,D,1
colorbench_00076,A,C,0
colorbench_00077,B,A,0
colorbench_00078,D,S,0
colorbench_00079,D,C,0
colorbench_00080,D,D,1
colorbench_00081,D,S,0
colorbench_00082,D,S,0
colorbench_00083,B,A,0
colorbench_00084,D,S,0
colorbench_00085,D,B,0
colorbench_00086,C,B,0
colorbench_00087,C,C,1
colorbench_00088,D,A,0
colorbench_00089,C,S,0
colorbench_00090,D,S,0
colorbench_00091,D,B,0
colorbench_00092,C,A,0
colorbench_00000,D,B,0
colorbench_00001,D,E,0
colorbench_00002,D,E,0
colorbench_00003,C,A,0
colorbench_00004,D,A,0
colorbench_00005,B,E,0
colorbench_00006,C,D,0
colorbench_00007,D,D,1
colorbench_00008,A,D,0
colorbench_00009,D,C,0
colorbench_00010,A,A,1
colorbench_00011,D,S,0
colorbench_00012,D,D,1
colorbench_00013,D,D,1
colorbench_00014,A,D,0
colorbench_00015,B,D,0
colorbench_00016,C,D,0
colorbench_00017,B,D,0
colorbench_00018,B,D,0
colorbench_00019,B,D,0
colorbench_00020,D,D,1
colorbench_00021,C,D,0
colorbench_00022,D,D,1
colorbench_00023,A,B,0
colorbench_00024,C,A,0
colorbench_00025,D,D,1
colorbench_00026,C,D,0
colorbench_00027,C,D,0
colorbench_00028,B,D,0
colorbench_00029,B,D,0
colorbench_00030,A,D,0
colorbench_00031,C,D,0
colorbench_00032,C,D,0
colorbench_00033,D,D,1
colorbench_00034,D,S,0
colorbench_00035,D,D,1
colorbench_00036,A,S,0
colorbench_00037,B,S,0
colorbench_00038,B,S,0
colorbench_00039,A,D,0
colorbench_00040,C,D,0
colorbench_00041,C,D,0
colorbench_00042,C,D,0
colorbench_00043,C,S,0
colorbench_00044,A,S,0
colorbench_00045,A,S,0
colorbench_00046,B,D,0
colorbench_00047,B,D,0
colorbench_00048,A,D,0
colorbench_00049,B,D,0
colorbench_00050,B,S,0
colorbench_00051,A,A,1
colorbench_00052,B,A,0
colorbench_00053,A,B,0
colorbench_00054,C,A,0
colorbench_00055,A,A,1
colorbench_00056,C,A,0
colorbench_00057,C,A,0
colorbench_00058,A,,0
colorbench_00059,A,A,1
colorbench_00060,C,B,0
colorbench_00061,A,A,1
colorbench_00062,C,A,0
colorbench_00063,A,A,1
colorbench_00064,D,A,0
colorbench_00065,B,A,0
colorbench_00066,D,A,0
colorbench_00067,A,A,1
colorbench_00068,D,A,0
colorbench_00069,D,A,0
colorbench_00000,D,S,0
colorbench_00001,D,B,0
colorbench_00002,D,C,0
colorbench_00003,C,,0
colorbench_00004,D,C,0
colorbench_00005,B,,0
colorbench_00006,C,S,0
colorbench_00007,D,S,0
colorbench_00008,A,B,0
colorbench_00009,D,B,0
colorbench_00010,A,A,1
colorbench_00011,D,B,0
colorbench_00012,D,,0
colorbench_00013,D,,0
colorbench_00014,A,A,1
colorbench_00015,B,S,0
colorbench_00016,C,S,0
colorbench_00017,B,,0
colorbench_00018,B,S,0
colorbench_00019,B,,0
colorbench_00020,D,,0
colorbench_00021,C,D,0
colorbench_00022,D,,0
colorbench_00023,A,,0
colorbench_00024,C,B,0
colorbench_00025,D,S,0
colorbench_00026,C,,0
colorbench_00027,C,S,0
colorbench_00028,B,S,0
colorbench_00029,B,S,0
colorbench_00030,A,S,0
colorbench_00031,C,I,0
colorbench_00032,C,,0
colorbench_00033,D,S,0
colorbench_00034,D,S,0
colorbench_00035,D,,0
colorbench_00036,A,,0
colorbench_00037,B,S,0
colorbench_00038,B,A,0
colorbench_00039,A,A,1
colorbench_00040,C,S,0
colorbench_00041,C,,0
colorbench_00042,C,,0
colorbench_00043,C,S,0
colorbench_00044,A,,0
colorbench_00045,A,S,0
colorbench_00046,B,S,0
colorbench_00047,B,S,0
colorbench_00048,A,,0
colorbench_00049,B,S,0
colorbench_00050,B,S,0
colorbench_00051,A,A,1
colorbench_00052,B,S,0
colorbench_00053,A,,0
colorbench_00054,C,S,0
colorbench_00055,A,,0
colorbench_00056,C,S,0
colorbench_00057,C,S,0
colorbench_00058,A,S,0
colorbench_00059,A,S,0
colorbench_00060,C,,0
colorbench_00061,A,,0
colorbench_00062,C,,0
colorbench_00063,A,I,0
colorbench_00064,D,,0
colorbench_00065,B,A,0
colorbench_00066,D,,0
colorbench_00067,A,A,1
colorbench_00068,D,S,0
colorbench_00069,D,,0
colorbench_00070,D,,0
colorbench_00071,A,A,1
colorbench_00072,C,S,0
colorbench_00073,D,,0
colorbench_00074,D,S,0
colorbench_00075,D,S,0
colorbench_00076,A,S,0
colorbench_00077,B,,0
colorbench_00078,D,I,0
colorbench_00079,D,S,0
colorbench_00000,D,S,0
colorbench_00001,D,S,0
colorbench_00002,D,S,0
colorbench_00003,C,S,0
colorbench_00004,D,S,0
colorbench_00005,B,S,0
colorbench_00006,C,,0
colorbench_00007,D,A,0
colorbench_00008,A,S,0
colorbench_00009,D,S,0
colorbench_00010,A,S,0
colorbench_00011,D,S,0
colorbench_00012,D,S,0
colorbench_00013,D,B,0
colorbench_00014,A,S,0
colorbench_00015,B,S,0
colorbench_00016,C,S,0
colorbench_00017,B,S,0
colorbench_00018,B,S,0
colorbench_00019,B,S,0
colorbench_00020,D,S,0
colorbench_00021,C,E,0
colorbench_00022,D,S,0
colorbench_00023,A,S,0
colorbench_00024,C,S,0
colorbench_00025,D,S,0
colorbench_00026,C,S,0
colorbench_00027,C,S,0
colorbench_00028,B,S,0
colorbench_00029,B,S,0
colorbench_00030,A,S,0
colorbench_00031,C,S,0
colorbench_00032,C,A,0
colorbench_00033,D,S,0
colorbench_00034,D,S,0
colorbench_00035,D,B,0
colorbench_00036,A,S,0
colorbench_00037,B,S,0
colorbench_00038,B,B,1
colorbench_00039,A,S,0
colorbench_00040,C,E,0
colorbench_00041,C,B,0
colorbench_00042,C,S,0
colorbench_00043,C,S,0
colorbench_00044,A,S,0
colorbench_00045,A,S,0
colorbench_00046,B,S,0
colorbench_00047,B,S,0
colorbench_00048,A,S,0
colorbench_00049,B,S,0
colorbench_00050,B,S,0
colorbench_00051,A,S,0
colorbench_00052,B,S,0
colorbench_00053,A,S,0
colorbench_00054,C,S,0
colorbench_00055,A,B,0
colorbench_00056,C,S,0
colorbench_00057,C,S,0
colorbench_00058,A,S,0
colorbench_00059,A,S,0
colorbench_00060,C,S,0
colorbench_00061,A,S,0
colorbench_00062,C,S,0
colorbench_00063,A,S,0
colorbench_00064,D,S,0
colorbench_00065,B,S,0
colorbench_00066,D,S,0
colorbench_00067,A,S,0
colorbench_00068,D,S,0
colorbench_00069,D,B,0
colorbench_00070,D,S,0
colorbench_00071,A,S,0
colorbench_00072,C,S,0
colorbench_00073,D,S,0
colorbench_00074,D,S,0
colorbench_00075,D,S,0
colorbench_00076,A,S,0
colorbench_00000,D,S,0
colorbench_00001,D,A,0
colorbench_00002,D,S,0
colorbench_00003,C,S,0
colorbench_00004,D,S,0
colorbench_00005,B,S,0
colorbench_00006,C,A,0
colorbench_00007,D,S,0
colorbench_00008,A,S,0
colorbench_00009,D,S,0
colorbench_00010,A,S,0
colorbench_00011,D,S,0
colorbench_00012,D,S,0
colorbench_00013,D,S,0
colorbench_00014,A,S,0
colorbench_00015,B,S,0
colorbench_00016,C,S,0
colorbench_00017,B,S,0
colorbench_00018,B,S,0
colorbench_00019,B,S,0
colorbench_00020,D,S,0
colorbench_00021,C,S,0
colorbench_00022,D,S,0
colorbench_00023,A,S,0
colorbench_00024,C,S,0
colorbench_00025,D,S,0
colorbench_00026,C,S,0
colorbench_00027,C,S,0
colorbench_00028,B,A,0
colorbench_00029,B,S,0
colorbench_00030,A,S,0
colorbench_00031,C,S,0
colorbench_00032,C,S,0
colorbench_00033,D,S,0
colorbench_00034,D,S,0
colorbench_00035,D,S,0
colorbench_00036,A,S,0
colorbench_00037,B,S,0
colorbench_00038,B,S,0
colorbench_00039,A,S,0
colorbench_00040,C,S,0
colorbench_00041,C,S,0
colorbench_00042,C,S,0
colorbench_00043,C,S,0
colorbench_00044,A,S,0
colorbench_00045,A,S,0
colorbench_00046,B,S,0
colorbench_00047,B,S,0
colorbench_00048,A,S,0
colorbench_00049,B,S,0
colorbench_00050,B,S,0
colorbench_00051,A,S,0
colorbench_00052,B,S,0
colorbench_00053,A,S,0
colorbench_00054,C,S,0
colorbench_00055,A,S,0
colorbench_00056,C,S,0
colorbench_00057,C,S,0
colorbench_00058,A,S,0
colorbench_00059,A,S,0
colorbench_00060,C,S,0
colorbench_00061,A,S,0
colorbench_00062,C,S,0
colorbench_00063,A,S,0
colorbench_00064,D,S,0
colorbench_00065,B,S,0
colorbench_00066,D,S,0
colorbench_00067,A,S,0
colorbench_00068,D,S,0
colorbench_00069,D,S,0
colorbench_00070,D,S,0
colorbench_00071,A,S,0
colorbench_00072,C,S,0
colorbench_00073,D,S,0
colorbench_00074,D,S,0
colorbench_00075,D,S,0
colorbench_00076,A,S,0
colorbench_00077,B,S,0
colorbench_00078,D,S,0
colorbench_00079,D,S,0
colorbench_00080,D,S,0
colorbench_00081,D,S,0
colorbench_00082,D,S,0
colorbench_00083,B,S,0
colorbench_00084,D,S,0
colorbench_00085,D,S,0
colorbench_00086,C,S,0
colorbench_00087,C,S,0
colorbench_00088,D,S,0
colorbench_00089,C,S,0
colorbench_00090,D,S,0
colorbench_00091,D,S,0
colorbench_00092,C,S,0
colorbench_00093,A,S,0
colorbench_00094,A,S,0
colorbench_00095,B,S,0
colorbench_00955,C,C,1
colorbench_00957,B,B,1
colorbench_00959,B,C,0
colorbench_00961,A,A,1
colorbench_00963,C,C,1
colorbench_00965,B,C,0
colorbench_00967,B,B,1
colorbench_00969,A,A,1
colorbench_00971,B,C,0
colorbench_00973,B,D,0
colorbench_00975,B,B,1
colorbench_00977,B,B,1
colorbench_00979,C,C,1
colorbench_00981,B,F,0
colorbench_00983,D,D,1
colorbench_00985,A,B,0
colorbench_00987,D,C,0
colorbench_00989,B,B,1
colorbench_00991,B,B,1
colorbench_00993,F,A,0
colorbench_00995,E,E,1
colorbench_00997,C,D,0
colorbench_00999,C,B,0
colorbench_01001,A,A,1
colorbench_01003,A,B,0
colorbench_01005,D,D,1
colorbench_01007,B,B,1
colorbench_01009,C,C,1
colorbench_01011,B,B,1
colorbench_01013,B,B,1
colorbench_01015,F,F,1
colorbench_01017,D,D,1
colorbench_01019,D,D,1
colorbench_01021,A,C,0
colorbench_01023,E,D,0
colorbench_01025,D,D,1
colorbench_01027,B,B,1
colorbench_01029,A,A,1
colorbench_01031,C,B,0
colorbench_01033,A,,0
colorbench_01035,E,B,0
colorbench_01037,B,C,0
colorbench_01039,A,A,1
colorbench_01041,C,C,1
colorbench_01043,A,A,1
colorbench_01045,B,B,1
colorbench_01047,B,E,0
colorbench_01049,D,D,1
colorbench_01051,B,C,0
colorbench_01053,A,A,1
colorbench_01055,C,C,1
colorbench_01057,C,C,1
colorbench_01059,B,B,1
colorbench_01061,A,A,1
colorbench_01063,A,B,0
colorbench_01065,A,A,1
colorbench_01067,B,B,1
colorbench_01069,A,A,1
colorbench_01071,B,B,1
colorbench_01073,B,B,1
colorbench_01075,B,B,1
colorbench_01077,A,A,1
colorbench_01079,B,B,1
colorbench_01081,B,B,1
colorbench_01083,A,A,1
colorbench_01085,A,A,1
colorbench_01087,B,A,0
colorbench_01089,B,A,0
colorbench_01091,B,B,1
colorbench_01093,A,A,1
colorbench_01095,A,A,1
colorbench_01097,A,A,1
colorbench_01099,B,B,1
colorbench_01101,B,B,1
colorbench_01103,B,B,1
colorbench_01105,A,A,1
colorbench_01107,A,A,1
colorbench_01109,A,A,1
colorbench_01111,B,B,1
colorbench_01113,B,B,1
colorbench_01115,A,A,1
colorbench_01117,A,A,1
colorbench_01119,A,A,1
colorbench_01121,A,A,1
colorbench_01123,A,A,1
colorbench_01125,B,B,1
colorbench_01127,B,B,1
colorbench_01129,B,B,1
colorbench_01131,A,B,0
colorbench_01133,B,A,0
colorbench_01135,B,B,1
colorbench_01137,A,A,1
colorbench_01139,B,A,0
colorbench_01141,A,A,1
colorbench_01143,A,A,1
colorbench_01145,B,B,1
colorbench_01147,B,,0
colorbench_01149,B,B,1
colorbench_01151,A,A,1
colorbench_01153,B,B,1
colorbench_01155,A,A,1
colorbench_01157,B,B,1
colorbench_01159,A,S,0
colorbench_01161,A,A,1
colorbench_01163,B,B,1
colorbench_01165,B,B,1
colorbench_01167,A,A,1
colorbench_01169,A,A,1
colorbench_01171,B,B,1
colorbench_01173,A,A,1
colorbench_01175,A,A,1
colorbench_01177,B,B,1
colorbench_01179,B,B,1
colorbench_01181,B,B,1
colorbench_01183,B,B,1
colorbench_01185,B,B,1
colorbench_01187,A,B,0
colorbench_01189,A,A,1
colorbench_01191,B,B,1
colorbench_01193,B,B,1
colorbench_01195,A,A,1
colorbench_01197,B,B,1
colorbench_01199,B,B,1
colorbench_01201,A,,0
colorbench_01203,A,A,1
colorbench_01205,A,A,1
colorbench_01207,A,A,1
colorbench_01209,A,A,1
colorbench_01211,A,A,1
colorbench_01213,B,B,1
colorbench_01215,B,B,1
colorbench_01217,D,D,1
colorbench_01219,A,F,0
colorbench_01221,E,F,0
colorbench_01223,D,D,1
colorbench_01225,E,,0
colorbench_01227,A,A,1
colorbench_01229,D,D,1
colorbench_01231,A,A,1
colorbench_01233,A,A,1
colorbench_01235,B,B,1
colorbench_01237,C,C,1
colorbench_01239,D,D,1
colorbench_01241,C,C,1
colorbench_01243,C,C,1
colorbench_01245,A,A,1
colorbench_01247,E,E,1
colorbench_01249,C,C,1
colorbench_01251,D,I,0
colorbench_01253,C,C,1
colorbench_01255,B,B,1
colorbench_01257,A,B,0
colorbench_01259,C,C,1
colorbench_01261,D,D,1
colorbench_01263,C,C,1
colorbench_01265,D,D,1
colorbench_01267,A,A,1
colorbench_01269,C,C,1
colorbench_01271,C,C,1
colorbench_01273,B,B,1
colorbench_01275,C,C,1
colorbench_01277,B,,0
colorbench_01279,A,A,1
colorbench_01281,B,B,1
colorbench_01283,C,C,1
colorbench_01285,B,B,1
colorbench_01287,C,C,1
colorbench_01289,D,F,0
colorbench_01291,C,C,1
colorbench_01293,C,C,1
colorbench_01295,F,A,0
colorbench_01297,E,D,0
colorbench_01299,D,D,1
colorbench_01301,F,F,1
colorbench_01303,C,C,1
colorbench_01305,B,B,1
colorbench_01307,A,A,1
colorbench_01309,D,D,1
colorbench_01311,C,A,0
colorbench_01313,D,D,1
colorbench_01315,E,E,1
colorbench_01317,A,A,1
colorbench_01319,C,C,1
colorbench_01321,D,D,1
colorbench_01323,D,A,0
colorbench_01325,C,C,1
colorbench_01327,B,B,1
colorbench_01329,D,D,1
colorbench_01331,B,B,1
colorbench_01333,C,C,1
colorbench_01335,A,A,1
colorbench_01337,D,D,1
colorbench_01339,D,D,1
colorbench_01341,C,C,1
colorbench_01343,C,C,1
colorbench_01345,A,A,1
colorbench_01347,B,B,1
colorbench_01349,B,B,1
colorbench_01351,B,B,1
colorbench_01353,D,D,1
colorbench_01355,B,B,1
colorbench_01357,F,D,0
colorbench_01359,D,D,1
colorbench_01361,F,F,1
colorbench_01363,A,A,1
colorbench_01365,B,B,1
colorbench_01367,D,D,1
colorbench_01369,A,A,1
colorbench_01371,B,B,1
colorbench_01373,B,D,0
colorbench_01375,A,I,0
colorbench_01377,D,D,1
colorbench_01379,C,C,1
colorbench_01381,D,D,1
colorbench_01383,E,,0
colorbench_01385,C,C,1
colorbench_01387,B,B,1
colorbench_01389,D,D,1
colorbench_01391,B,B,1
colorbench_01393,C,C,1
colorbench_01395,D,D,1
colorbench_01397,B,B,1
colorbench_01399,A,A,1
colorbench_01401,D,D,1
colorbench_01403,A,A,1
colorbench_01405,D,D,1
colorbench_01407,C,C,1
colorbench_01409,C,C,1
colorbench_01411,E,E,1
colorbench_01413,B,B,1
colorbench_01415,D,D,1
colorbench_01417,D,D,1
colorbench_01419,E,D,0
colorbench_01421,D,D,1
colorbench_01423,D,D,1
colorbench_01425,A,A,1
colorbench_01427,B,B,1
colorbench_01429,D,D,1
colorbench_01431,D,D,1
colorbench_01433,C,C,1
colorbench_01435,D,D,1
colorbench_01437,B,B,1
colorbench_01439,A,A,1
colorbench_01441,B,B,1
colorbench_01443,B,B,1
colorbench_01445,C,C,1
colorbench_01447,B,B,1
colorbench_01449,D,D,1
colorbench_01451,C,C,1
colorbench_01453,B,B,1
colorbench_01455,D,D,1
colorbench_01457,D,D,1
colorbench_01459,C,C,1
colorbench_01461,A,A,1
colorbench_01463,D,D,1
colorbench_01465,E,E,1
colorbench_01467,D,D,1
colorbench_01469,A,A,1
colorbench_01471,D,D,1
colorbench_01473,A,,0
colorbench_01475,F,D,0
colorbench_01477,B,B,1
colorbench_01479,B,B,1
colorbench_01481,B,B,1
colorbench_01483,A,A,1
colorbench_01485,B,A,0
colorbench_01487,B,B,1
colorbench_01489,A,A,1
colorbench_01491,B,,0
colorbench_01493,A,A,1
colorbench_01495,A,A,1
colorbench_01497,B,B,1
colorbench_01499,A,A,1
colorbench_01501,A,A,1
colorbench_01503,B,B,1
colorbench_01505,B,B,1
colorbench_01507,A,A,1
colorbench_01509,B,B,1
colorbench_01511,B,B,1
colorbench_01513,A,A,1
colorbench_01515,A,A,1
colorbench_01517,A,A,1
colorbench_01519,B,B,1
colorbench_01521,A,A,1
colorbench_01523,A,A,1
colorbench_01525,B,B,1
colorbench_01527,B,B,1
colorbench_01529,B,B,1
colorbench_01531,B,B,1
colorbench_01533,A,A,1
colorbench_01535,A,B,0
colorbench_01537,B,B,1
colorbench_01539,B,B,1
colorbench_01541,A,A,1
colorbench_01543,B,B,1
colorbench_01545,A,A,1
colorbench_01547,A,A,1
colorbench_01549,B,B,1
colorbench_01551,B,B,1
colorbench_01553,A,A,1
colorbench_01555,A,B,0
colorbench_01557,A,B,0
colorbench_01559,A,A,1
colorbench_01561,A,A,1
colorbench_01563,B,B,1
colorbench_01565,A,A,1
colorbench_01567,B,B,1
colorbench_01569,A,A,1
colorbench_01571,B,B,1
colorbench_01573,A,A,1
colorbench_01575,A,A,1
colorbench_01577,B,B,1
colorbench_01579,A,A,1
colorbench_01581,B,B,1
colorbench_01583,A,A,1
colorbench_01585,A,A,1
colorbench_01587,B,B,1
colorbench_01589,A,A,1
colorbench_01591,B,S,0
colorbench_01593,A,A,1
colorbench_01595,A,A,1
colorbench_01597,A,A,1
colorbench_01599,B,B,1
colorbench_01601,B,B,1
colorbench_01603,A,A,1
colorbench_01605,A,A,1
colorbench_01607,A,A,1
colorbench_01609,B,B,1
colorbench_01611,A,A,1
colorbench_01613,B,B,1
colorbench_01615,A,,0
colorbench_01617,A,A,1
colorbench_01619,A,A,1
colorbench_01621,B,B,1
colorbench_01623,B,B,1
colorbench_01625,B,B,1
colorbench_01627,B,B,1
colorbench_01629,A,A,1
colorbench_01631,B,B,1
colorbench_01633,A,A,1
colorbench_01635,B,B,1
colorbench_01637,B,B,1
colorbench_01639,A,A,1
colorbench_01641,A,A,1
colorbench_01643,A,A,1
colorbench_01645,B,B,1
colorbench_01647,B,B,1
colorbench_01649,B,B,1
colorbench_01651,A,A,1
colorbench_01653,B,B,1
colorbench_01655,A,A,1
colorbench_01657,A,A,1
colorbench_01659,B,B,1
colorbench_01661,A,A,1
colorbench_01663,A,A,1
colorbench_01665,A,S,0
colorbench_01667,B,B,1
colorbench_01669,B,B,1
colorbench_01671,B,A,0
colorbench_01673,B,B,1
colorbench_01675,A,A,1
colorbench_01677,B,B,1
colorbench_01679,A,A,1
colorbench_01681,B,B,1
colorbench_01683,B,B,1
colorbench_01685,A,A,1
colorbench_01687,A,A,1
colorbench_01689,A,A,1
colorbench_01691,A,A,1
colorbench_01693,A,A,1
colorbench_01695,B,B,1
colorbench_01697,A,A,1
colorbench_01699,B,B,1
colorbench_01701,B,B,1
colorbench_01703,B,B,1
colorbench_01705,B,B,1
colorbench_01707,A,A,1
colorbench_01709,A,A,1
colorbench_01711,B,B,1
colorbench_01713,A,A,1
colorbench_01715,A,A,1
colorbench_01717,B,B,1
colorbench_01719,A,A,1
colorbench_01721,B,B,1
colorbench_01723,B,B,1
colorbench_01725,A,A,1
colorbench_01727,A,A,1
colorbench_01729,A,A,1
colorbench_01731,A,A,1
colorbench_01733,B,B,1
colorbench_01735,A,A,1
colorbench_01737,B,B,1
colorbench_01739,A,A,1
colorbench_01741,A,A,1
colorbench_01743,B,B,1
colorbench_01745,A,A,1
colorbench_01747,B,B,1
colorbench_01749,A,A,1
colorbench_01751,A,A,1
colorbench_01753,A,A,1
colorbench_01755,B,B,1
colorbench_01757,A,A,1
colorbench_01759,A,A,1
colorbench_01761,A,A,1
colorbench_01763,A,A,1
colorbench_01765,A,A,1
colorbench_01767,B,B,1
colorbench_01769,B,B,1
colorbench_01771,A,A,1
colorbench_01773,B,B,1
colorbench_01775,B,B,1
colorbench_01777,A,A,1
colorbench_01779,B,B,1
colorbench_01781,B,B,1
colorbench_01783,B,B,1
colorbench_01785,A,A,1
colorbench_01787,A,A,1
colorbench_01789,B,B,1
colorbench_01791,A,A,1
colorbench_01793,B,A,0
colorbench_01795,A,A,1
colorbench_01797,B,B,1
colorbench_01799,B,B,1
colorbench_01801,A,B,0
colorbench_01803,B,B,1
colorbench_01805,A,A,1
colorbench_01807,A,A,1
colorbench_01809,B,B,1
colorbench_01811,A,A,1
colorbench_01813,B,B,1
colorbench_01815,B,B,1
colorbench_01817,A,A,1
colorbench_01819,B,B,1
colorbench_01821,A,A,1
colorbench_01823,B,B,1
colorbench_01825,B,B,1
colorbench_01827,B,B,1
colorbench_01829,A,A,1
colorbench_01831,B,B,1
colorbench_01833,A,A,1
colorbench_01835,A,A,1
colorbench_01837,A,A,1
colorbench_01839,B,B,1
colorbench_01841,B,B,1
colorbench_01843,A,A,1
colorbench_01845,A,A,1
colorbench_01847,B,B,1
colorbench_01849,A,A,1
colorbench_01851,A,A,1
colorbench_01853,A,A,1
colorbench_01855,B,B,1
colorbench_01857,B,B,1
colorbench_01859,A,A,1
colorbench_01861,A,A,1
colorbench_01863,B,B,1
colorbench_01865,B,B,1
colorbench_01867,B,B,1
colorbench_01869,B,B,1
colorbench_01871,B,B,1
colorbench_01873,A,,0
colorbench_01875,B,B,1
colorbench_01877,A,,0
colorbench_01879,A,A,1
colorbench_01881,A,,0
colorbench_01883,B,,0
colorbench_01885,A,A,1
colorbench_01887,A,A,1
colorbench_01889,A,A,1
colorbench_01891,B,A,0
colorbench_01893,B,B,1
colorbench_01895,A,A,1
colorbench_01897,A,A,1
colorbench_01899,B,,0
colorbench_01901,B,,0
colorbench_01903,A,A,1
colorbench_01905,A,A,1
colorbench_01907,B,,0
colorbench_01909,B,B,1
colorbench_01911,A,,0
colorbench_01913,B,,0
colorbench_01915,B,,0
colorbench_01917,B,,0
colorbench_01919,B,B,1
colorbench_01921,B,,0
colorbench_01923,B,A,0
colorbench_01925,A,A,1
colorbench_01927,B,,0
colorbench_01929,A,A,1
colorbench_01931,B,B,1
colorbench_01933,B,A,0
colorbench_01935,A,A,1
colorbench_01937,A,A,1
colorbench_01939,B,A,0
colorbench_01941,C,C,1
colorbench_01943,C,C,1
colorbench_01945,C,C,1
colorbench_01947,B,B,1
colorbench_01949,B,B,1
colorbench_01951,B,B,1
colorbench_01953,D,D,1
colorbench_01955,D,D,1
colorbench_01957,D,D,1
colorbench_01959,D,D,1
colorbench_01961,D,D,1
colorbench_01963,D,D,1
colorbench_01965,E,D,0
colorbench_01967,E,D,0
colorbench_01969,E,D,0
colorbench_01971,D,D,1
colorbench_01973,D,D,1
colorbench_01975,D,D,1
colorbench_01977,D,D,1
colorbench_01979,D,D,1
colorbench_01981,D,D,1
colorbench_01983,A,A,1
colorbench_01985,A,A,1
colorbench_01987,A,A,1
colorbench_01989,B,B,1
colorbench_01991,B,B,1
colorbench_01993,B,B,1
colorbench_01995,D,D,1
colorbench_01997,D,D,1
colorbench_01999,D,D,1
colorbench_02001,D,D,1
colorbench_02003,D,D,1
colorbench_02005,D,D,1
colorbench_02007,C,C,1
colorbench_02009,C,C,1
colorbench_02011,C,C,1
colorbench_02013,D,D,1
colorbench_02015,D,D,1
colorbench_02017,D,D,1
colorbench_02019,B,B,1
colorbench_02021,B,B,1
colorbench_02023,B,S,0
colorbench_02025,A,A,1
colorbench_02027,A,A,1
colorbench_02029,A,A,1
colorbench_02031,B,B,1
colorbench_02033,B,B,1
colorbench_02035,B,B,1
colorbench_02037,B,B,1
colorbench_02039,B,B,1
colorbench_02041,B,B,1
colorbench_02043,C,C,1
colorbench_02045,C,C,1
colorbench_02047,C,C,1
colorbench_02049,B,B,1
colorbench_02051,B,E,0
colorbench_02053,B,S,0
colorbench_02055,D,D,1
colorbench_02057,D,D,1
colorbench_02059,D,D,1
colorbench_02061,C,C,1
colorbench_02063,C,C,1
colorbench_02065,C,C,1
colorbench_02067,B,B,1
colorbench_02069,B,B,1
colorbench_02071,B,B,1
colorbench_02073,D,D,1
colorbench_02075,D,D,1
colorbench_02077,D,D,1
colorbench_02079,D,D,1
colorbench_02081,D,D,1
colorbench_02083,D,D,1
colorbench_02085,C,C,1
colorbench_02087,C,C,1
colorbench_02089,C,C,1
colorbench_02091,A,A,1
colorbench_02093,A,A,1
colorbench_02095,A,A,1
colorbench_02097,D,D,1
colorbench_02099,D,D,1
colorbench_02101,D,D,1
colorbench_02103,E,E,1
colorbench_02105,E,E,1
colorbench_02107,E,E,1
colorbench_02109,D,D,1
colorbench_02111,D,D,1
colorbench_02113,D,D,1
colorbench_02115,A,A,1
colorbench_02117,A,A,1
colorbench_02119,A,S,0
colorbench_02121,D,D,1
colorbench_02123,D,D,1
colorbench_02125,D,D,1
colorbench_02127,A,A,1
colorbench_02129,A,,0
colorbench_02131,A,A,1
colorbench_02133,F,D,0
colorbench_02135,F,D,0
colorbench_02137,F,D,0
colorbench_02139,B,B,1
colorbench_02141,B,B,1
colorbench_02143,B,B,1
colorbench_02145,B,B,1
colorbench_02147,B,B,1
colorbench_02149,B,B,1
colorbench_02151,B,B,1
colorbench_02153,B,B,1
colorbench_02155,B,B,1
colorbench_02157,B,B,1
colorbench_02159,B,B,1
colorbench_02161,B,B,1
colorbench_02163,A,A,1
colorbench_02165,A,A,1
colorbench_02167,A,A,1
colorbench_02169,B,B,1
colorbench_02171,B,B,1
colorbench_02173,B,B,1
colorbench_02175,B,B,1
colorbench_02177,B,B,1
colorbench_02179,B,B,1
colorbench_02181,A,A,1
colorbench_02183,A,A,1
colorbench_02185,A,A,1
colorbench_02187,B,B,1
colorbench_02189,B,B,1
colorbench_02191,B,B,1
colorbench_02193,A,A,1
colorbench_02195,A,A,1
colorbench_02197,A,A,1
colorbench_02199,A,A,1
colorbench_02201,A,A,1
colorbench_02203,A,A,1
colorbench_02205,B,B,1
colorbench_02207,B,B,1
colorbench_02209,B,B,1
colorbench_02211,A,A,1
colorbench_02213,A,A,1
colorbench_02215,A,A,1
colorbench_02217,A,A,1
colorbench_02219,A,A,1
colorbench_02221,A,A,1
colorbench_02223,B,B,1
colorbench_02225,B,B,1
colorbench_02227,B,B,1
colorbench_02229,B,B,1
colorbench_02231,B,B,1
colorbench_02233,B,B,1
colorbench_02235,A,A,1
colorbench_02237,A,A,1
colorbench_02239,A,A,1
colorbench_02241,B,B,1
colorbench_02243,B,B,1
colorbench_02245,B,B,1
colorbench_02247,B,B,1
colorbench_02249,B,B,1
colorbench_02251,B,B,1
colorbench_02253,A,,0
colorbench_02255,A,,0
colorbench_02257,A,,0
colorbench_02259,A,A,1
colorbench_02261,A,A,1
colorbench_02263,A,A,1
colorbench_02265,A,A,1
colorbench_02267,A,A,1
colorbench_02269,A,A,1
colorbench_02271,B,B,1
colorbench_02273,B,B,1
colorbench_02275,B,B,1
colorbench_02277,A,A,1
colorbench_02279,A,A,1
colorbench_02281,A,A,1
colorbench_02283,A,A,1
colorbench_02285,A,A,1
colorbench_02287,A,A,1
colorbench_02289,B,B,1
colorbench_02291,B,B,1
colorbench_02293,B,B,1
colorbench_02295,B,B,1
colorbench_02297,B,B,1
colorbench_02299,B,B,1
colorbench_02301,B,B,1
colorbench_02303,B,B,1
colorbench_02305,B,B,1
colorbench_02307,B,B,1
colorbench_02309,B,B,1
colorbench_02311,B,B,1
colorbench_02313,A,A,1
colorbench_02315,A,A,1
colorbench_02317,A,A,1
colorbench_02319,A,B,0
colorbench_02321,A,B,0
colorbench_02323,A,B,0
colorbench_02325,B,B,1
colorbench_02327,B,B,1
colorbench_02329,B,B,1
colorbench_02331,B,B,1
colorbench_02333,B,B,1
colorbench_02335,B,B,1
colorbench_02337,A,A,1
colorbench_02339,A,A,1
colorbench_02341,A,A,1
colorbench_02343,B,B,1
colorbench_02345,B,B,1
colorbench_02347,B,B,1
colorbench_02349,A,A,1
colorbench_02351,A,A,1
colorbench_02353,A,A,1
colorbench_02355,A,A,1
colorbench_02357,A,A,1
colorbench_02359,A,A,1
colorbench_02361,B,B,1
colorbench_02363,B,B,1
colorbench_02365,B,B,1
colorbench_02367,B,B,1
colorbench_02369,B,B,1
colorbench_02371,B,B,1
colorbench_02373,A,A,1
colorbench_02375,A,A,1
colorbench_02377,A,A,1
colorbench_02379,B,C,0
colorbench_02381,B,C,0
colorbench_02383,B,C,0
colorbench_02385,A,B,0
colorbench_02387,A,B,0
colorbench_02389,A,B,0
colorbench_02391,A,B,0
colorbench_02393,A,B,0
colorbench_02395,A,B,0
colorbench_02397,B,D,0
colorbench_02399,B,D,0
colorbench_02401,B,D,0
colorbench_02403,A,A,1
colorbench_02405,A,A,1
colorbench_02407,A,A,1
colorbench_02409,A,A,1
colorbench_02411,A,A,1
colorbench_02413,A,A,1
colorbench_02415,B,B,1
colorbench_02417,B,B,1
colorbench_02419,B,B,1
colorbench_02421,A,A,1
colorbench_02423,A,A,1
colorbench_02425,A,A,1
colorbench_02427,B,B,1
colorbench_02429,B,B,1
colorbench_02431,B,B,1
colorbench_02433,A,A,1
colorbench_02435,A,A,1
colorbench_02437,A,A,1
colorbench_02439,B,B,1
colorbench_02441,B,B,1
colorbench_02443,B,B,1
colorbench_02445,A,A,1
colorbench_02447,A,A,1
colorbench_02449,A,A,1
colorbench_02451,A,A,1
colorbench_02453,A,A,1
colorbench_02455,A,A,1
colorbench_02457,B,B,1
colorbench_02459,B,B,1
colorbench_02461,B,,0
colorbench_02463,A,A,1
colorbench_02465,A,A,1
colorbench_02467,A,A,1
colorbench_02469,B,B,1
colorbench_02471,B,B,1
colorbench_02473,B,B,1
colorbench_02475,A,A,1
colorbench_02477,A,A,1
colorbench_02479,A,A,1
colorbench_02481,A,A,1
colorbench_02483,A,A,1
colorbench_02485,A,A,1
colorbench_02487,B,B,1
colorbench_02489,B,B,1
colorbench_02491,B,B,1
colorbench_02493,F,A,0
colorbench_02495,F,A,0
colorbench_02497,F,A,0
colorbench_02499,A,A,1
colorbench_02501,A,A,1
colorbench_02503,A,A,1
colorbench_02505,B,B,1
colorbench_02507,B,B,1
colorbench_02509,B,B,1
colorbench_02511,A,A,1
colorbench_02513,A,A,1
colorbench_02515,A,A,1
colorbench_02517,A,A,1
colorbench_02519,A,A,1
colorbench_02521,A,A,1
colorbench_02523,E,E,1
colorbench_02525,E,E,1
colorbench_02527,E,E,1
colorbench_02529,A,A,1
colorbench_02531,A,A,1
colorbench_02533,A,A,1
colorbench_02535,B,B,1
colorbench_02537,B,B,1
colorbench_02539,B,B,1
colorbench_02541,B,B,1
colorbench_02543,B,B,1
colorbench_02545,B,B,1
colorbench_02547,A,A,1
colorbench_02549,A,A,1
colorbench_02551,A,A,1
colorbench_02553,A,B,0
colorbench_02555,A,B,0
colorbench_02557,A,A,1
colorbench_02559,A,A,1
colorbench_02561,A,A,1
colorbench_02563,A,A,1
colorbench_02565,B,B,1
colorbench_02567,B,B,1
colorbench_02569,B,B,1
colorbench_02571,A,A,1
colorbench_02573,A,A,1
colorbench_02575,A,A,1
colorbench_02577,B,B,1
colorbench_02579,B,,0
colorbench_02581,B,B,1
colorbench_02583,A,A,1
colorbench_02585,A,S,0
colorbench_02587,A,A,1
colorbench_02589,A,A,1
colorbench_02591,A,A,1
colorbench_02593,A,A,1
colorbench_02595,A,A,1
colorbench_02597,A,A,1
colorbench_02599,A,A,1
colorbench_02601,B,B,1
colorbench_02603,B,B,1
colorbench_02605,B,B,1
colorbench_02607,B,B,1
colorbench_02609,B,B,1
colorbench_02611,B,B,1
colorbench_02613,B,B,1
colorbench_02615,B,B,1
colorbench_02617,B,B,1
colorbench_02619,B,B,1
colorbench_02621,B,B,1
colorbench_02623,B,B,1
colorbench_02625,A,A,1
colorbench_02627,A,A,1
colorbench_02629,A,A,1
colorbench_02631,B,B,1
colorbench_02633,B,B,1
colorbench_02635,B,B,1
colorbench_02637,A,A,1
colorbench_02639,A,A,1
colorbench_02641,A,A,1
colorbench_02643,B,B,1
colorbench_02645,B,B,1
colorbench_02647,B,B,1
colorbench_02649,B,A,0
colorbench_02651,B,A,0
colorbench_02653,B,A,0
colorbench_02655,A,A,1
colorbench_02657,A,A,1
colorbench_02659,A,A,1
colorbench_02661,A,A,1
colorbench_02663,A,A,1
colorbench_02665,A,A,1
colorbench_02667,A,A,1
colorbench_02669,A,A,1
colorbench_02671,A,A,1
colorbench_02673,B,B,1
colorbench_02675,B,B,1
colorbench_02677,B,B,1
colorbench_02679,C,D,0
colorbench_02681,C,D,0
colorbench_02683,C,C,1
colorbench_02685,B,B,1
colorbench_02687,B,B,1
colorbench_02689,B,S,0
colorbench_02691,B,B,1
colorbench_02693,B,B,1
colorbench_02695,B,B,1
colorbench_02697,A,A,1
colorbench_02699,A,A,1
colorbench_02701,A,A,1
colorbench_02703,B,B,1
colorbench_02705,B,B,1
colorbench_02707,B,B,1
colorbench_02709,A,A,1
colorbench_02711,A,A,1
colorbench_02713,A,A,1
colorbench_02715,A,A,1
colorbench_02717,A,A,1
colorbench_02719,A,A,1
colorbench_02721,B,B,1
colorbench_02723,B,B,1
colorbench_02725,B,B,1
colorbench_02727,A,A,1
colorbench_02729,A,A,1
colorbench_02731,A,A,1
colorbench_02733,A,A,1
colorbench_02735,A,A,1
colorbench_02737,A,A,1
colorbench_02739,C,B,0
colorbench_02741,C,C,1
colorbench_02743,C,C,1
colorbench_02745,A,,0
colorbench_02747,A,,0
colorbench_02749,A,,0
colorbench_02751,B,B,1
colorbench_02753,B,B,1
colorbench_02755,B,A,0
colorbench_02757,B,B,1
colorbench_02759,B,B,1
colorbench_02761,B,B,1
colorbench_02763,B,B,1
colorbench_02765,B,B,1
colorbench_02767,B,A,0
colorbench_02769,B,B,1
colorbench_02771,B,B,1
colorbench_02773,B,B,1
colorbench_02775,A,A,1
colorbench_02777,A,A,1
colorbench_02779,A,A,1
colorbench_02781,B,B,1
colorbench_02783,B,B,1
colorbench_02785,B,B,1
colorbench_02787,A,A,1
colorbench_02789,A,A,1
colorbench_02791,A,A,1
colorbench_02793,B,B,1
colorbench_02795,B,B,1
colorbench_02797,B,B,1
colorbench_02799,B,B,1
colorbench_02801,B,B,1
colorbench_02803,B,B,1
colorbench_02805,A,A,1
colorbench_02807,A,A,1
colorbench_02809,A,A,1
colorbench_02811,A,A,1
colorbench_02813,A,A,1
colorbench_02815,A,A,1
colorbench_02817,A,A,1
colorbench_02819,A,A,1
colorbench_02821,A,A,1
colorbench_02823,A,A,1
colorbench_02825,A,A,1
colorbench_02827,A,A,1
colorbench_02829,A,B,0
colorbench_02831,A,A,1
colorbench_02833,A,S,0
colorbench_02835,A,A,1
colorbench_02837,A,A,1
colorbench_02839,A,A,1
colorbench_02841,B,B,1
colorbench_02843,B,B,1
colorbench_02845,B,B,1
colorbench_02847,A,A,1
colorbench_02849,A,A,1
colorbench_02851,A,A,1
colorbench_02853,B,B,1
colorbench_02855,B,B,1
colorbench_02857,B,B,1
colorbench_02859,B,B,1
colorbench_02861,B,B,1
colorbench_02863,B,B,1
colorbench_02865,B,B,1
colorbench_02867,B,B,1
colorbench_02869,B,B,1
colorbench_02871,B,B,1
colorbench_02873,B,B,1
colorbench_02875,B,B,1
colorbench_02877,A,A,1
colorbench_02879,A,A,1
colorbench_02881,A,A,1
colorbench_02883,A,A,1
colorbench_02885,A,A,1
colorbench_02887,A,A,1
colorbench_02889,B,B,1
colorbench_02891,B,B,1
colorbench_02893,B,B,1
colorbench_02895,A,A,1
colorbench_02897,A,A,1
colorbench_02899,A,A,1
colorbench_02901,A,B,0
colorbench_02903,A,B,0
colorbench_02905,A,B,0
colorbench_02907,A,A,1
colorbench_02909,A,A,1
colorbench_02911,A,A,1
colorbench_02913,B,B,1
colorbench_02915,B,B,1
colorbench_02917,B,B,1
colorbench_02919,A,A,1
colorbench_02921,A,A,1
colorbench_02923,A,A,1
colorbench_02925,B,B,1
colorbench_02927,B,B,1
colorbench_02929,B,B,1
colorbench_02931,B,B,1
colorbench_02933,B,B,1
colorbench_02935,B,B,1
colorbench_02937,A,A,1
colorbench_02939,A,A,1
colorbench_02941,A,A,1
colorbench_02943,A,A,1
colorbench_02945,A,A,1
colorbench_02947,A,A,1
colorbench_02949,A,A,1
colorbench_02951,A,A,1
colorbench_02953,A,A,1
colorbench_02955,A,A,1
colorbench_02957,A,A,1
colorbench_02959,A,A,1
colorbench_02961,B,B,1
colorbench_02963,B,B,1
colorbench_02965,B,B,1
colorbench_02967,D,D,1
colorbench_02969,D,D,1
colorbench_02971,D,D,1
colorbench_02973,A,A,1
colorbench_02975,A,A,1
colorbench_02977,A,A,1
colorbench_02979,B,B,1
colorbench_02981,B,B,1
colorbench_02983,B,B,1
colorbench_02985,A,A,1
colorbench_02987,A,A,1
colorbench_02989,A,A,1
colorbench_02991,A,A,1
colorbench_02993,A,A,1
colorbench_02995,A,A,1
colorbench_02997,B,B,1
colorbench_02999,B,B,1
colorbench_03001,B,B,1
colorbench_03003,A,A,1
colorbench_03005,A,A,1
colorbench_03007,A,A,1
colorbench_03009,B,A,0
colorbench_03011,B,A,0
colorbench_03013,B,A,0
colorbench_03015,A,A,1
colorbench_03017,A,A,1
colorbench_03019,A,A,1
colorbench_03021,A,A,1
colorbench_03023,A,A,1
colorbench_03025,A,A,1
colorbench_03027,A,A,1
colorbench_03029,A,A,1
colorbench_03031,A,A,1
colorbench_03033,B,B,1
colorbench_03035,B,B,1
colorbench_03037,B,B,1
colorbench_03039,A,A,1
colorbench_03041,A,A,1
colorbench_03043,A,A,1
colorbench_03045,A,A,1
colorbench_03047,A,A,1
colorbench_03049,A,A,1
colorbench_03051,A,A,1
colorbench_03053,A,A,1
colorbench_03055,A,A,1
colorbench_03057,A,A,1
colorbench_03059,A,A,1
colorbench_03061,A,A,1
colorbench_03063,A,A,1
colorbench_03065,A,A,1
colorbench_03067,A,A,1
colorbench_03069,B,B,1
colorbench_03071,B,B,1
colorbench_03073,B,B,1
colorbench_03075,B,B,1
colorbench_03077,B,B,1
colorbench_03079,B,B,1
colorbench_03081,A,A,1
colorbench_03083,A,A,1
colorbench_03085,A,A,1
colorbench_03087,B,B,1
colorbench_03089,B,B,1
colorbench_03091,B,B,1
colorbench_03093,B,B,1
colorbench_03095,B,B,1
colorbench_03097,B,B,1
colorbench_03099,A,A,1
colorbench_03101,A,A,1
colorbench_03103,A,A,1
colorbench_03105,A,A,1
colorbench_03107,A,A,1
colorbench_03109,A,A,1
colorbench_03111,B,B,1
colorbench_03113,B,B,1
colorbench_03115,B,B,1
colorbench_03117,B,B,1
colorbench_03119,B,B,1
colorbench_03121,B,B,1
colorbench_03123,B,B,1
colorbench_03125,B,B,1
colorbench_03127,B,B,1
colorbench_03129,B,B,1
colorbench_03131,B,B,1
colorbench_03133,B,B,1
colorbench_03135,A,A,1
colorbench_03137,A,A,1
colorbench_03139,A,A,1
colorbench_03141,A,A,1
colorbench_03143,A,A,1
colorbench_03145,A,A,1
colorbench_03147,B,B,1
colorbench_03149,B,B,1
colorbench_03151,B,B,1
colorbench_03153,A,A,1
colorbench_03155,A,A,1
colorbench_03157,A,A,1
colorbench_03159,B,B,1
colorbench_03161,B,B,1
colorbench_03163,B,B,1
colorbench_03165,A,A,1
colorbench_03167,A,A,1
colorbench_03169,A,A,1
colorbench_03171,B,B,1
colorbench_03173,B,B,1
colorbench_03175,B,B,1
colorbench_03177,B,B,1
colorbench_03179,B,B,1
colorbench_03181,B,B,1
colorbench_03183,A,B,0
colorbench_03185,A,B,0
colorbench_03187,A,B,0
colorbench_03189,B,B,1
colorbench_03191,B,B,1
colorbench_03193,B,B,1
colorbench_03195,A,A,1
colorbench_03197,A,A,1
colorbench_03199,A,A,1
colorbench_03201,A,A,1
colorbench_03203,A,A,1
colorbench_03205,A,A,1
colorbench_03207,B,B,1
colorbench_03209,B,B,1
colorbench_03211,B,B,1
colorbench_03213,A,A,1
colorbench_03215,A,A,1
colorbench_03217,A,A,1
colorbench_03219,B,B,1
colorbench_03221,B,B,1
colorbench_03223,B,B,1
colorbench_03225,B,B,1
colorbench_03227,B,B,1
colorbench_03229,B,B,1
colorbench_03231,A,A,1
colorbench_03233,A,A,1
colorbench_03235,A,A,1
colorbench_03237,C,C,1
colorbench_03239,C,C,1
colorbench_03241,C,C,1
colorbench_03243,B,B,1
colorbench_03245,B,B,1
colorbench_03247,B,B,1
colorbench_03249,A,A,1
colorbench_03251,A,A,1
colorbench_03253,A,A,1
colorbench_03255,B,B,1
colorbench_03257,B,B,1
colorbench_03259,B,B,1
colorbench_03261,B,B,1
colorbench_03263,B,B,1
colorbench_03265,B,B,1
colorbench_03267,B,B,1
colorbench_03269,B,B,1
colorbench_03271,B,B,1
colorbench_03273,B,B,1
colorbench_03275,B,B,1
colorbench_03277,B,B,1
colorbench_03279,A,A,1
colorbench_03281,A,A,1
colorbench_03283,A,A,1
colorbench_03285,B,B,1
colorbench_03287,B,B,1
colorbench_03289,B,B,1
colorbench_03291,A,A,1
colorbench_03293,A,A,1
colorbench_03295,A,A,1
colorbench_03297,A,A,1
colorbench_03299,A,A,1
colorbench_03301,A,A,1
colorbench_03303,A,A,1
colorbench_03305,A,A,1
colorbench_03307,A,A,1
colorbench_03309,B,B,1
colorbench_03311,B,B,1
colorbench_03313,B,B,1
colorbench_03315,B,B,1
colorbench_03317,B,B,1
colorbench_03319,B,B,1
colorbench_03321,A,A,1
colorbench_03323,A,A,1
colorbench_03325,A,A,1
colorbench_03327,A,A,1
colorbench_03329,A,A,1
colorbench_03331,A,A,1
colorbench_03333,B,B,1
colorbench_03335,B,B,1
colorbench_03337,B,B,1
colorbench_03339,A,A,1
colorbench_03341,A,A,1
colorbench_03343,A,A,1
colorbench_03345,A,A,1
colorbench_03347,A,A,1
colorbench_03349,A,A,1
colorbench_03351,B,B,1
colorbench_03353,B,B,1
colorbench_03355,B,B,1
colorbench_03357,A,A,1
colorbench_03359,A,A,1
colorbench_03361,A,A,1
colorbench_03363,B,B,1
colorbench_03365,B,B,1
colorbench_03367,B,B,1
colorbench_03369,B,B,1
colorbench_03371,B,B,1
colorbench_03373,B,B,1
colorbench_03375,A,A,1
colorbench_03377,A,A,1
colorbench_03379,A,A,1
colorbench_03381,A,A,1
colorbench_03383,A,A,1
colorbench_03385,A,A,1
colorbench_03387,B,B,1
colorbench_03389,B,B,1
colorbench_03391,B,B,1
colorbench_03393,F,F,1
colorbench_03395,F,F,1
colorbench_03397,F,F,1
colorbench_03399,B,B,1
colorbench_03401,B,B,1
colorbench_03403,B,B,1
colorbench_03405,B,B,1
colorbench_03407,B,B,1
colorbench_03409,B,B,1
colorbench_03411,D,D,1
colorbench_03413,D,D,1
colorbench_03415,D,D,1
colorbench_03417,B,B,1
colorbench_03419,B,B,1
colorbench_03421,B,B,1
colorbench_03423,B,B,1
colorbench_03425,B,B,1
colorbench_03427,B,B,1
colorbench_03429,D,D,1
colorbench_03431,D,D,1
colorbench_03433,D,D,1
colorbench_03435,A,B,0
colorbench_03437,A,A,1
colorbench_03439,A,B,0
colorbench_03441,A,B,0
colorbench_03443,A,B,0
colorbench_03445,A,B,0
colorbench_03447,E,D,0
colorbench_03449,E,D,0
colorbench_03451,E,D,0
colorbench_03453,B,B,1
colorbench_03455,B,B,1
colorbench_03457,B,B,1
colorbench_03459,A,A,1
colorbench_03461,A,A,1
colorbench_03463,A,A,1
colorbench_03465,A,A,1
colorbench_03467,A,A,1
colorbench_03469,A,A,1
colorbench_03471,A,,0
colorbench_03473,A,A,1
colorbench_03475,A,A,1
colorbench_03477,B,B,1
colorbench_03479,B,B,1
colorbench_03481,B,B,1
colorbench_03483,A,A,1
colorbench_03485,A,A,1
colorbench_03487,A,A,1
colorbench_03489,C,C,1
colorbench_03491,C,B,0
colorbench_03493,C,C,1
colorbench_03495,A,A,1
colorbench_03497,A,A,1
colorbench_03499,A,A,1
colorbench_03501,A,A,1
colorbench_03503,A,A,1
colorbench_03505,A,A,1
colorbench_03507,B,B,1
colorbench_03509,B,B,1
colorbench_03511,B,B,1
colorbench_03513,B,B,1
colorbench_03515,B,B,1
colorbench_03517,B,B,1
colorbench_03519,A,A,1
colorbench_03521,A,A,1
colorbench_03523,A,A,1
colorbench_03525,A,A,1
colorbench_03527,A,A,1
colorbench_03529,A,A,1
colorbench_03531,B,B,1
colorbench_03533,B,B,1
colorbench_03535,B,B,1
colorbench_03537,D,A,0
colorbench_03539,D,A,0
colorbench_03541,D,A,0
colorbench_03543,B,,0
colorbench_03545,B,B,1
colorbench_03547,B,B,1
colorbench_03549,A,A,1
colorbench_03551,A,A,1
colorbench_03553,A,A,1
colorbench_03555,A,A,1
colorbench_03557,A,A,1
colorbench_03559,A,A,1
colorbench_03561,B,,0
colorbench_03563,B,,0
colorbench_03565,B,,0
colorbench_03567,B,B,1
colorbench_03569,B,B,1
colorbench_03571,B,B,1
colorbench_03573,A,,0
colorbench_03575,A,A,1
colorbench_03577,A,A,1
colorbench_03579,B,B,1
colorbench_03581,B,B,1
colorbench_03583,B,B,1
colorbench_03585,B,B,1
colorbench_03587,B,C,0
colorbench_03589,B,C,0
colorbench_03591,B,B,1
colorbench_03593,B,B,1
colorbench_03595,B,B,1
colorbench_03597,B,B,1
colorbench_03599,B,B,1
colorbench_03601,B,B,1
colorbench_03603,B,B,1
colorbench_03605,B,B,1
colorbench_03607,B,,0
colorbench_03609,B,,0
colorbench_03611,B,B,1
colorbench_03613,B,B,1
colorbench_03615,B,B,1
colorbench_03617,B,B,1
colorbench_03619,B,B,1
colorbench_03621,A,A,1
colorbench_03623,A,A,1
colorbench_03625,A,A,1
colorbench_03627,B,B,1
colorbench_03629,B,B,1
colorbench_03631,B,B,1
colorbench_03633,B,B,1
colorbench_03635,B,B,1
colorbench_03637,B,B,1
colorbench_03639,A,A,1
colorbench_03641,A,A,1
colorbench_03643,A,A,1
colorbench_03645,B,B,1
colorbench_03647,B,B,1
colorbench_03649,B,B,1
colorbench_03651,B,B,1
colorbench_03653,B,,0
colorbench_03655,B,,0
colorbench_03657,A,A,1
colorbench_03659,A,A,1
colorbench_03661,A,A,1
colorbench_03663,A,A,1
colorbench_03665,A,A,1
colorbench_03667,A,A,1
colorbench_03669,A,A,1
colorbench_03671,A,A,1
colorbench_03673,A,A,1
colorbench_03675,B,A,0
colorbench_03677,B,A,0
colorbench_03679,B,A,0
colorbench_03681,C,B,0
colorbench_03683,C,C,1
colorbench_03685,C,B,0
colorbench_03687,A,I,0
colorbench_03689,A,B,0
colorbench_03691,A,S,0
colorbench_03693,E,B,0
colorbench_03695,E,B,0
colorbench_03697,E,B,0
colorbench_03699,B,A,0
colorbench_03701,B,A,0
colorbench_03703,B,A,0
colorbench_03705,A,A,1
colorbench_03707,A,A,1
colorbench_03709,A,A,1
colorbench_03711,C,C,1
colorbench_03713,C,C,1
colorbench_03715,C,C,1
colorbench_03717,A,A,1
colorbench_03719,A,A,1
colorbench_03721,A,A,1
colorbench_03723,B,B,1
colorbench_03725,B,B,1
colorbench_03727,B,B,1
colorbench_03729,B,B,1
colorbench_03731,B,B,1
colorbench_03733,B,B,1
colorbench_03735,D,D,1
colorbench_03737,D,D,1
colorbench_03739,D,D,1
colorbench_03741,B,,0
colorbench_03743,B,C,0
colorbench_03745,B,,0
colorbench_03747,A,A,1
colorbench_03749,A,A,1
colorbench_03751,A,A,1
colorbench_03753,C,C,1
colorbench_03755,C,C,1
colorbench_03757,C,C,1
colorbench_03759,C,C,1
colorbench_03761,C,C,1
colorbench_03763,C,D,0
colorbench_03765,B,B,1
colorbench_03767,B,B,1
colorbench_03769,B,B,1
colorbench_03771,A,A,1
colorbench_03773,A,A,1
colorbench_03775,A,A,1
colorbench_03777,A,B,0
colorbench_03779,A,B,0
colorbench_03781,A,B,0
colorbench_03783,A,A,1
colorbench_03785,A,A,1
colorbench_03787,A,A,1
colorbench_03789,B,B,1
colorbench_03791,B,B,1
colorbench_03793,B,B,1
colorbench_03795,A,,0
colorbench_03797,A,S,0
colorbench_03799,A,,0
colorbench_03801,B,B,1
colorbench_03803,B,B,1
colorbench_03805,B,B,1
colorbench_03807,B,B,1
colorbench_03809,B,B,1
colorbench_03811,B,B,1
colorbench_03813,B,B,1
colorbench_03815,B,B,1
colorbench_03817,B,B,1
colorbench_03819,B,B,1
colorbench_03821,B,B,1
colorbench_03823,B,B,1
colorbench_03825,A,A,1
colorbench_03827,A,A,1
colorbench_03829,A,A,1
colorbench_03831,B,B,1
colorbench_03833,B,B,1
colorbench_03835,B,B,1
colorbench_03837,B,B,1
colorbench_03839,B,B,1
colorbench_03841,B,B,1
colorbench_03843,A,A,1
colorbench_03845,A,A,1
colorbench_03847,A,A,1
colorbench_03849,A,A,1
colorbench_03851,A,A,1
colorbench_03853,A,A,1
colorbench_03855,B,A,0
colorbench_03857,B,A,0
colorbench_03859,B,A,0
colorbench_03861,B,B,1
colorbench_03863,B,A,0
colorbench_03865,B,B,1
colorbench_03867,B,B,1
colorbench_03869,B,B,1
colorbench_03871,B,B,1
colorbench_03873,A,A,1
colorbench_03875,A,A,1
colorbench_03877,A,A,1
colorbench_03879,A,A,1
colorbench_03881,A,A,1
colorbench_03883,A,A,1
colorbench_03885,A,A,1
colorbench_03887,A,A,1
colorbench_03889,A,A,1
colorbench_03891,B,B,1
colorbench_03893,B,B,1
colorbench_03895,B,B,1
colorbench_03897,B,B,1
colorbench_03899,B,B,1
colorbench_03901,B,B,1
colorbench_03903,B,B,1
colorbench_03905,B,B,1
colorbench_03907,B,B,1
colorbench_03909,A,A,1
colorbench_03911,A,A,1
colorbench_03913,A,A,1
colorbench_03915,A,A,1
colorbench_03917,A,,0
colorbench_03919,A,A,1
colorbench_03921,A,A,1
colorbench_03923,A,A,1
colorbench_03925,A,A,1
colorbench_03927,B,B,1
colorbench_03929,B,B,1
colorbench_03931,B,B,1
colorbench_03933,B,B,1
colorbench_03935,B,B,1
colorbench_03937,B,B,1
colorbench_03939,A,A,1
colorbench_03941,A,A,1
colorbench_03943,A,A,1
colorbench_03945,A,A,1
colorbench_03947,A,A,1
colorbench_03949,A,A,1
colorbench_03951,A,A,1
colorbench_03953,A,A,1
colorbench_03955,A,B,0
colorbench_03957,A,A,1
colorbench_03959,A,A,1
colorbench_03961,A,A,1
colorbench_03963,A,A,1
colorbench_03965,A,A,1
colorbench_03967,A,A,1
colorbench_03969,B,B,1
colorbench_03971,B,B,1
colorbench_03973,B,B,1
colorbench_03975,B,B,1
colorbench_03977,B,B,1
colorbench_03979,B,B,1
colorbench_03981,B,B,1
colorbench_03983,B,B,1
colorbench_03985,B,B,1
colorbench_03987,A,B,0
colorbench_03989,A,A,1
colorbench_03991,A,A,1
colorbench_03993,B,A,0
colorbench_03995,B,A,0
colorbench_03997,B,A,0
colorbench_03999,B,B,1
colorbench_04001,B,B,1
colorbench_04003,B,A,0
colorbench_04005,A,A,1
colorbench_04007,A,A,1
colorbench_04009,A,A,1
colorbench_04011,B,A,0
colorbench_04013,B,A,0
colorbench_04015,B,A,0
colorbench_04017,A,A,1
colorbench_04019,A,A,1
colorbench_04021,A,A,1
colorbench_04023,A,A,1
colorbench_04025,A,A,1
colorbench_04027,A,A,1
colorbench_04029,B,B,1
colorbench_04031,B,S,0
colorbench_04033,B,A,0
colorbench_04035,A,A,1
colorbench_04037,A,A,1
colorbench_04039,A,A,1
colorbench_04041,B,A,0
colorbench_04043,B,S,0
colorbench_04045,B,B,1
colorbench_04047,B,B,1
colorbench_04049,B,B,1
colorbench_04051,B,B,1
colorbench_04053,A,A,1
colorbench_04055,A,A,1
colorbench_04057,A,A,1
colorbench_04059,B,C,0
colorbench_04061,B,C,0
colorbench_04063,B,C,0
colorbench_04065,B,B,1
colorbench_04067,B,B,1
colorbench_04069,B,B,1
colorbench_04071,A,,0
colorbench_04073,A,A,1
colorbench_04075,A,A,1
colorbench_04077,B,B,1
colorbench_04079,B,B,1
colorbench_04081,B,B,1
colorbench_04083,B,B,1
colorbench_04085,B,B,1
colorbench_04087,B,B,1
colorbench_04089,A,B,0
colorbench_04091,A,B,0
colorbench_04093,A,B,0
colorbench_04095,A,A,1
colorbench_04097,A,S,0
colorbench_04099,A,A,1
colorbench_04101,B,B,1
colorbench_04103,B,B,1
colorbench_04105,B,B,1
colorbench_04107,B,B,1
colorbench_04109,B,B,1
colorbench_04111,B,B,1
colorbench_04113,A,A,1
colorbench_04115,A,A,1
colorbench_04117,A,A,1
colorbench_04119,A,A,1
colorbench_04121,A,A,1
colorbench_04123,A,A,1
colorbench_04125,B,B,1
colorbench_04127,B,B,1
colorbench_04129,B,B,1
colorbench_04131,A,A,1
colorbench_04133,A,A,1
colorbench_04135,A,A,1
colorbench_04137,B,D,0
colorbench_04139,B,D,0
colorbench_04141,B,D,0
colorbench_04143,A,A,1
colorbench_04145,A,A,1
colorbench_04147,A,A,1
colorbench_04149,B,B,1
colorbench_04151,B,B,1
colorbench_04153,B,B,1
colorbench_04155,B,B,1
colorbench_04157,B,B,1
colorbench_04159,B,B,1
colorbench_04161,B,B,1
colorbench_04163,B,B,1
colorbench_04165,B,B,1
colorbench_04167,B,B,1
colorbench_04169,B,B,1
colorbench_04171,B,B,1
colorbench_04173,B,B,1
colorbench_04175,B,B,1
colorbench_04177,B,B,1
colorbench_04179,A,B,0
colorbench_04181,A,B,0
colorbench_04183,A,B,0
colorbench_04185,A,A,1
colorbench_04187,A,A,1
colorbench_04189,A,A,1
colorbench_04191,B,A,0
colorbench_04193,B,,0
colorbench_04195,B,B,1
colorbench_04197,B,B,1
colorbench_04199,B,B,1
colorbench_04201,B,B,1
colorbench_04203,A,A,1
colorbench_04205,A,A,1
colorbench_04207,A,A,1
colorbench_04209,B,B,1
colorbench_04211,B,B,1
colorbench_04213,B,B,1
colorbench_04215,B,B,1
colorbench_04217,B,B,1
colorbench_04219,B,B,1
colorbench_04221,B,B,1
colorbench_04223,B,B,1
colorbench_04225,B,B,1
colorbench_04227,A,A,1
colorbench_04229,A,A,1
colorbench_04231,A,A,1
colorbench_04233,A,A,1
colorbench_04235,A,A,1
colorbench_04237,A,A,1
colorbench_04239,A,A,1
colorbench_04241,A,A,1
colorbench_04243,A,A,1
colorbench_04245,A,A,1
colorbench_04247,A,A,1
colorbench_04249,A,A,1
colorbench_04251,A,A,1
colorbench_04253,A,A,1
colorbench_04255,A,A,1
colorbench_04257,A,A,1
colorbench_04259,A,A,1
colorbench_04261,A,A,1
colorbench_04263,B,B,1
colorbench_04265,B,B,1
colorbench_04267,B,B,1
colorbench_04269,B,B,1
colorbench_04271,B,B,1
colorbench_04273,B,B,1
colorbench_04275,D,D,1
colorbench_04277,D,D,1
colorbench_04279,D,D,1
colorbench_04281,A,F,0
colorbench_04283,A,A,1
colorbench_04285,A,A,1
colorbench_04287,E,F,0
colorbench_04289,E,F,0
colorbench_04291,E,F,0
colorbench_04293,D,D,1
colorbench_04295,D,D,1
colorbench_04297,D,D,1
colorbench_04299,E,A,0
colorbench_04301,E,,0
colorbench_04303,E,,0
colorbench_04305,A,A,1
colorbench_04307,A,A,1
colorbench_04309,A,A,1
colorbench_04311,D,D,1
colorbench_04313,D,D,1
colorbench_04315,D,D,1
colorbench_04317,A,A,1
colorbench_04319,A,A,1
colorbench_04321,A,A,1
colorbench_04323,A,A,1
colorbench_04325,A,A,1
colorbench_04327,A,A,1
colorbench_04329,B,B,1
colorbench_04331,B,B,1
colorbench_04333,B,B,1
colorbench_04335,C,C,1
colorbench_04337,C,C,1
colorbench_04339,C,C,1
colorbench_04341,D,D,1
colorbench_04343,D,D,1
colorbench_04345,D,D,1
colorbench_04347,C,C,1
colorbench_04349,C,C,1
colorbench_04351,C,C,1
colorbench_04353,C,C,1
colorbench_04355,C,C,1
colorbench_04357,C,C,1
colorbench_04359,B,C,0
colorbench_04361,B,C,0
colorbench_04363,B,C,0
colorbench_04365,A,A,1
colorbench_04367,A,A,1
colorbench_04369,A,A,1
colorbench_04371,E,E,1
colorbench_04373,E,E,1
colorbench_04375,E,E,1
colorbench_04377,C,C,1
colorbench_04379,C,C,1
colorbench_04381,C,C,1
colorbench_04383,D,C,0
colorbench_04385,D,I,0
colorbench_04387,D,I,0
colorbench_04389,C,C,1
colorbench_04391,C,C,1
colorbench_04393,C,C,1
colorbench_04395,B,B,1
colorbench_04397,B,B,1
colorbench_04399,B,B,1
colorbench_04401,A,A,1
colorbench_04403,A,A,1
colorbench_04405,A,B,0
colorbench_04407,C,C,1
colorbench_04409,C,C,1
colorbench_04411,C,E,0
colorbench_04413,D,C,0
colorbench_04415,D,C,0
colorbench_04417,D,D,1
colorbench_04419,C,C,1
colorbench_04421,C,C,1
colorbench_04423,C,C,1
colorbench_04425,D,D,1
colorbench_04427,D,D,1
colorbench_04429,D,D,1
colorbench_04431,A,A,1
colorbench_04433,A,A,1
colorbench_04435,A,A,1
colorbench_04437,C,C,1
colorbench_04439,C,C,1
colorbench_04441,C,C,1
colorbench_04443,C,C,1
colorbench_04445,C,C,1
colorbench_04447,C,C,1
colorbench_04449,B,B,1
colorbench_04451,B,B,1
colorbench_04453,B,B,1
colorbench_04455,C,C,1
colorbench_04457,C,C,1
colorbench_04459,C,C,1
colorbench_04461,C,C,1
colorbench_04463,C,C,1
colorbench_04465,C,C,1
colorbench_04467,B,I,0
colorbench_04469,B,,0
colorbench_04471,B,,0
colorbench_04473,A,A,1
colorbench_04475,A,A,1
colorbench_04477,A,A,1
colorbench_04479,B,B,1
colorbench_04481,B,B,1
colorbench_04483,B,B,1
colorbench_04485,C,S,0
colorbench_04487,C,,0
colorbench_04489,C,,0
colorbench_04491,B,B,1
colorbench_04493,B,B,1
colorbench_04495,B,B,1
colorbench_04497,C,C,1
colorbench_04499,C,C,1
colorbench_04501,C,C,1
colorbench_04503,B,B,1
colorbench_04505,B,B,1
colorbench_04507,B,C,0
colorbench_04509,D,D,1
colorbench_04511,D,D,1
colorbench_04513,D,D,1
colorbench_04515,D,D,1
colorbench_04517,D,D,1
colorbench_04519,D,D,1
colorbench_04521,C,C,1
colorbench_04523,C,C,1
colorbench_04525,C,C,1
colorbench_04527,C,C,1
colorbench_04529,C,A,0
colorbench_04531,C,A,0
colorbench_04533,F,C,0
colorbench_04535,F,,0
colorbench_04537,F,,0
colorbench_04539,E,E,1
colorbench_04541,E,D,0
colorbench_04543,E,E,1
colorbench_04545,D,D,1
colorbench_04547,D,D,1
colorbench_04549,D,D,1
colorbench_04551,F,S,0
colorbench_04553,F,I,0
colorbench_04555,F,D,0
colorbench_04557,C,C,1
colorbench_04559,C,C,1
colorbench_04561,C,C,1
colorbench_04563,B,B,1
colorbench_04565,B,B,1
colorbench_04567,B,B,1
colorbench_04569,A,A,1
colorbench_04571,A,A,1
colorbench_04573,A,A,1
colorbench_04575,D,D,1
colorbench_04577,D,D,1
colorbench_04579,D,D,1
colorbench_04581,C,B,0
colorbench_04583,C,B,0
colorbench_04585,C,A,0
colorbench_04587,D,D,1
colorbench_04589,D,D,1
colorbench_04591,D,D,1
colorbench_04593,E,E,1
colorbench_04595,E,E,1
colorbench_04597,E,E,1
colorbench_04599,A,A,1
colorbench_04601,A,A,1
colorbench_04603,A,A,1
colorbench_04605,C,C,1
colorbench_04607,C,C,1
colorbench_04609,C,C,1
colorbench_04611,D,D,1
colorbench_04613,D,D,1
colorbench_04615,D,D,1
colorbench_04617,D,A,0
colorbench_04619,D,A,0
colorbench_04621,D,A,0
colorbench_04623,C,C,1
colorbench_04625,C,C,1
colorbench_04627,C,C,1
colorbench_04629,B,B,1
colorbench_04631,B,B,1
colorbench_04633,B,B,1
colorbench_04635,D,D,1
colorbench_04637,D,D,1
colorbench_04639,D,D,1
colorbench_04641,B,B,1
colorbench_04643,B,B,1
colorbench_04645,B,B,1
colorbench_04647,C,C,1
colorbench_04649,C,C,1
colorbench_04651,C,C,1
colorbench_04653,A,A,1
colorbench_04655,A,A,1
colorbench_04657,A,A,1
colorbench_04659,D,D,1
colorbench_04661,D,D,1
colorbench_04663,D,D,1
colorbench_04665,D,D,1
colorbench_04667,D,D,1
colorbench_04669,D,D,1
colorbench_04671,C,C,1
colorbench_04673,C,C,1
colorbench_04675,C,C,1
colorbench_04677,C,C,1
colorbench_04679,C,C,1
colorbench_04681,C,C,1
colorbench_04683,A,A,1
colorbench_04685,A,A,1
colorbench_04687,A,A,1
colorbench_04689,B,B,1
colorbench_04691,B,B,1
colorbench_04693,B,B,1
colorbench_04695,B,B,1
colorbench_04697,B,B,1
colorbench_04699,B,B,1
colorbench_04701,B,B,1
colorbench_04703,B,B,1
colorbench_04705,B,B,1
colorbench_04707,D,D,1
colorbench_04709,D,D,1
colorbench_04711,D,D,1
colorbench_04713,B,B,1
colorbench_04715,B,B,1
colorbench_04717,B,B,1
colorbench_04719,F,A,0
colorbench_04721,F,D,0
colorbench_04723,F,A,0
colorbench_04725,D,D,1
colorbench_04727,D,D,1
colorbench_04729,D,D,1
colorbench_04731,F,F,1
colorbench_04733,F,B,0
colorbench_04735,F,E,0
colorbench_04737,A,A,1
colorbench_04739,A,A,1
colorbench_04741,A,A,1
colorbench_04743,B,B,1
colorbench_04745,B,B,1
colorbench_04747,B,B,1
colorbench_04749,D,D,1
colorbench_04751,D,D,1
colorbench_04753,D,D,1
colorbench_04755,A,A,1
colorbench_04757,A,A,1
colorbench_04759,A,A,1
colorbench_04761,B,B,1
colorbench_04763,B,B,1
colorbench_04765,B,B,1
colorbench_04767,B,D,0
colorbench_04769,B,D,0
colorbench_04771,B,D,0
colorbench_04773,A,B,0
colorbench_04775,A,E,0
colorbench_04777,A,A,1
colorbench_04779,D,D,1
colorbench_04781,D,D,1
colorbench_04783,D,D,1
colorbench_04785,C,C,1
colorbench_04787,C,C,1
colorbench_04789,C,C,1
colorbench_04791,D,D,1
colorbench_04793,D,D,1
colorbench_04795,D,E,0
colorbench_04797,E,B,0
colorbench_04799,E,B,0
colorbench_04801,E,B,0
colorbench_04803,C,C,1
colorbench_04805,C,C,1
colorbench_04807,C,C,1
colorbench_04809,A,A,1
colorbench_04811,A,,0
colorbench_04813,A,,0
colorbench_04815,B,B,1
colorbench_04817,B,B,1
colorbench_04819,B,B,1
colorbench_04821,D,D,1
colorbench_04823,D,D,1
colorbench_04825,D,D,1
colorbench_04827,B,B,1
colorbench_04829,B,B,1
colorbench_04831,B,B,1
colorbench_04833,C,C,1
colorbench_04835,C,C,1
colorbench_04837,C,C,1
colorbench_04839,D,D,1
colorbench_04841,D,D,1
colorbench_04843,D,D,1
colorbench_04845,B,B,1
colorbench_04847,B,B,1
colorbench_04849,B,B,1
colorbench_04851,A,A,1
colorbench_04853,A,A,1
colorbench_04855,A,A,1
colorbench_04857,D,D,1
colorbench_04859,D,I,0
colorbench_04861,D,C,0
colorbench_04863,D,D,1
colorbench_04865,D,D,1
colorbench_04867,D,D,1
colorbench_04869,A,A,1
colorbench_04871,A,A,1
colorbench_04873,A,A,1
colorbench_04875,D,D,1
colorbench_04877,D,D,1
colorbench_04879,D,D,1
colorbench_04881,C,C,1
colorbench_04883,C,C,1
colorbench_04885,C,C,1
colorbench_04887,C,C,1
colorbench_04889,C,C,1
colorbench_04891,C,C,1
colorbench_04893,E,E,1
colorbench_04895,E,E,1
colorbench_04897,E,E,1
colorbench_04899,C,C,1
colorbench_04901,C,C,1
colorbench_04903,C,C,1
colorbench_04905,C,C,1
colorbench_04907,C,C,1
colorbench_04909,C,C,1
colorbench_04911,B,B,1
colorbench_04913,B,B,1
colorbench_04915,B,B,1
colorbench_04917,B,B,1
colorbench_04919,B,B,1
colorbench_04921,B,B,1
colorbench_04923,B,C,0
colorbench_04925,B,C,0
colorbench_04927,B,C,0
colorbench_04929,B,C,0
colorbench_04931,B,C,0
colorbench_04933,B,C,0
colorbench_04935,A,A,1
colorbench_04937,A,A,1
colorbench_04939,A,A,1
colorbench_04941,A,A,1
colorbench_04943,A,A,1
colorbench_04945,A,A,1
colorbench_04947,C,C,1
colorbench_04949,C,C,1
colorbench_04951,C,C,1
colorbench_04953,C,C,1
colorbench_04955,C,C,1
colorbench_04957,C,B,0
colorbench_04959,B,B,1
colorbench_04961,B,B,1
colorbench_04963,B,B,1
colorbench_04965,B,C,0
colorbench_04967,B,B,1
colorbench_04969,B,C,0
colorbench_04971,B,B,1
colorbench_04973,B,B,1
colorbench_04975,B,C,0
colorbench_04977,B,B,1
colorbench_04979,B,B,1
colorbench_04981,B,B,1
colorbench_04983,A,A,1
colorbench_04985,A,A,1
colorbench_04987,A,A,1
colorbench_04989,A,A,1
colorbench_04991,A,A,1
colorbench_04993,A,A,1
colorbench_04995,B,C,0
colorbench_04997,B,C,0
colorbench_04999,B,C,0
colorbench_05001,B,C,0
colorbench_05003,B,C,0
colorbench_05005,B,C,0
colorbench_05007,B,D,0
colorbench_05009,B,D,0
colorbench_05011,B,D,0
colorbench_05013,B,D,0
colorbench_05015,B,D,0
colorbench_05017,B,D,0
colorbench_05019,B,B,1
colorbench_05021,B,B,1
colorbench_05023,B,B,1
colorbench_05025,B,B,1
colorbench_05027,B,B,1
colorbench_05029,B,B,1
colorbench_05031,B,B,1
colorbench_05033,B,C,0
colorbench_05035,B,C,0
colorbench_05037,B,B,1
colorbench_05039,B,B,1
colorbench_05041,B,C,0
colorbench_05043,C,C,1
colorbench_05045,C,C,1
colorbench_05047,C,C,1
colorbench_05049,C,C,1
colorbench_05051,C,C,1
colorbench_05053,C,C,1
colorbench_05055,B,B,1
colorbench_05057,B,B,1
colorbench_05059,B,B,1
colorbench_05061,B,B,1
colorbench_05063,B,B,1
colorbench_05065,B,B,1
colorbench_05067,D,D,1
colorbench_05069,D,D,1
colorbench_05071,D,D,1
colorbench_05073,D,D,1
colorbench_05075,D,D,1
colorbench_05077,D,D,1
colorbench_05079,A,A,1
colorbench_05081,A,B,0
colorbench_05083,A,B,0
colorbench_05085,A,B,0
colorbench_05087,A,B,0
colorbench_05089,A,D,0
colorbench_05091,D,C,0
colorbench_05093,D,C,0
colorbench_05095,D,C,0
colorbench_05097,D,D,1
colorbench_05099,D,D,1
colorbench_05101,D,D,1
colorbench_05103,B,B,1
colorbench_05105,B,B,1
colorbench_05107,B,B,1
colorbench_05109,B,B,1
colorbench_05111,B,B,1
colorbench_05113,B,B,1
colorbench_05115,B,D,0
colorbench_05117,B,D,0
colorbench_05119,B,D,0
colorbench_05121,B,D,0
colorbench_05123,B,D,0
colorbench_05125,B,D,0
colorbench_05127,F,A,0
colorbench_05129,F,D,0
colorbench_05131,F,A,0
colorbench_05133,F,D,0
colorbench_05135,F,A,0
colorbench_05137,F,F,1
colorbench_05139,E,E,1
colorbench_05141,E,E,1
colorbench_05143,E,E,1
colorbench_05145,E,E,1
colorbench_05147,E,E,1
colorbench_05149,E,E,1
colorbench_05151,C,D,0
colorbench_05153,C,D,0
colorbench_05155,C,C,1
colorbench_05157,C,D,0
colorbench_05159,C,D,0
colorbench_05161,C,D,0
colorbench_05163,C,B,0
colorbench_05165,C,B,0
colorbench_05167,C,B,0
colorbench_05169,C,B,0
colorbench_05171,C,B,0
colorbench_05173,C,B,0
colorbench_05175,A,A,1
colorbench_05177,A,A,1
colorbench_05179,A,A,1
colorbench_05181,A,A,1
colorbench_05183,A,A,1
colorbench_05185,A,A,1
colorbench_05187,A,B,0
colorbench_05189,A,B,0
colorbench_05191,A,B,0
colorbench_05193,A,B,0
colorbench_05195,A,B,0
colorbench_05197,A,B,0
colorbench_05199,D,D,1
colorbench_05201,D,D,1
colorbench_05203,D,D,1
colorbench_05205,D,D,1
colorbench_05207,D,D,1
colorbench_05209,D,D,1
colorbench_05211,B,S,0
colorbench_05213,B,B,1
colorbench_05215,B,B,1
colorbench_05217,B,B,1
colorbench_05219,B,I,0
colorbench_05221,B,B,1
colorbench_05223,C,C,1
colorbench_05225,C,C,1
colorbench_05227,C,C,1
colorbench_05229,C,C,1
colorbench_05231,C,C,1
colorbench_05233,C,C,1
colorbench_05235,B,B,1
colorbench_05237,B,B,1
colorbench_05239,B,B,1
colorbench_05241,B,B,1
colorbench_05243,B,B,1
colorbench_05245,B,B,1
colorbench_05247,B,B,1
colorbench_05249,B,B,1
colorbench_05251,B,B,1
colorbench_05253,B,B,1
colorbench_05255,B,B,1
colorbench_05257,B,B,1
colorbench_05259,F,F,1
colorbench_05261,F,F,1
colorbench_05263,F,F,1
colorbench_05265,F,F,1
colorbench_05267,F,F,1
colorbench_05269,F,F,1
colorbench_05271,D,D,1
colorbench_05273,D,D,1
colorbench_05275,D,D,1
colorbench_05277,D,D,1
colorbench_05279,D,D,1
colorbench_05281,D,D,1
colorbench_05283,D,D,1
colorbench_05285,D,D,1
colorbench_05287,D,D,1
colorbench_05289,D,D,1
colorbench_05291,D,D,1
colorbench_05293,D,D,1
colorbench_05295,A,B,0
colorbench_05297,A,B,0
colorbench_05299,A,C,0
colorbench_05301,A,B,0
colorbench_05303,A,B,0
colorbench_05305,A,B,0
colorbench_05307,E,D,0
colorbench_05309,E,D,0
colorbench_05311,E,D,0
colorbench_05313,E,D,0
colorbench_05315,E,D,0
colorbench_05317,E,D,0
colorbench_05319,D,D,1
colorbench_05321,D,D,1
colorbench_05323,D,D,1
colorbench_05325,D,D,1
colorbench_05327,D,D,1
colorbench_05329,D,A,0
colorbench_05331,B,B,1
colorbench_05333,B,B,1
colorbench_05335,B,B,1
colorbench_05337,B,B,1
colorbench_05339,B,B,1
colorbench_05341,B,B,1
colorbench_05343,A,A,1
colorbench_05345,A,A,1
colorbench_05347,A,A,1
colorbench_05349,A,A,1
colorbench_05351,A,A,1
colorbench_05353,A,A,1
colorbench_05355,C,B,0
colorbench_05357,C,B,0
colorbench_05359,C,B,0
colorbench_05361,C,B,0
colorbench_05363,C,B,0
colorbench_05365,C,B,0
colorbench_05367,A,B,0
colorbench_05369,A,B,0
colorbench_05371,A,I,0
colorbench_05373,A,,0
colorbench_05375,A,B,0
colorbench_05377,A,S,0
colorbench_05379,E,B,0
colorbench_05381,E,,0
colorbench_05383,E,,0
colorbench_05385,E,B,0
colorbench_05387,E,,0
colorbench_05389,E,B,0
colorbench_05391,B,D,0
colorbench_05393,B,D,0
colorbench_05395,B,D,0
colorbench_05397,B,B,1
colorbench_05399,B,B,1
colorbench_05401,B,B,1
colorbench_05403,A,A,1
colorbench_05405,A,A,1
colorbench_05407,A,A,1
colorbench_05409,A,A,1
colorbench_05411,A,A,1
colorbench_05413,A,A,1
colorbench_05415,C,C,1
colorbench_05417,C,C,1
colorbench_05419,C,C,1
colorbench_05421,C,C,1
colorbench_05423,C,C,1
colorbench_05425,C,C,1
colorbench_05427,A,A,1
colorbench_05429,A,A,1
colorbench_05431,A,A,1
colorbench_05433,A,A,1
colorbench_05435,A,A,1
colorbench_05437,A,A,1
colorbench_05439,B,B,1
colorbench_05441,B,B,1
colorbench_05443,B,B,1
colorbench_05445,B,B,1
colorbench_05447,B,B,1
colorbench_05449,B,B,1
colorbench_05451,B,E,0
colorbench_05453,B,E,0
colorbench_05455,B,E,0
colorbench_05457,B,B,1
colorbench_05459,B,B,1
colorbench_05461,B,B,1
colorbench_05463,D,D,1
colorbench_05465,D,D,1
colorbench_05467,D,D,1
colorbench_05469,D,D,1
colorbench_05471,D,D,1
colorbench_05473,D,D,1
colorbench_05475,B,C,0
colorbench_05477,B,C,0
colorbench_05479,B,C,0
colorbench_05481,B,C,0
colorbench_05483,B,C,0
colorbench_05485,B,C,0
colorbench_05487,A,A,1
colorbench_05489,A,A,1
colorbench_05491,A,A,1
colorbench_05493,A,A,1
colorbench_05495,A,A,1
colorbench_05497,A,A,1
colorbench_05499,C,C,1
colorbench_05501,C,C,1
colorbench_05503,C,C,1
colorbench_05505,C,C,1
colorbench_05507,C,C,1
colorbench_05509,C,C,1
colorbench_05511,C,S,0
colorbench_05513,C,D,0
colorbench_05515,C,D,0
colorbench_05517,C,D,0
colorbench_05519,C,C,1
colorbench_05521,C,C,1
colorbench_05523,B,B,1
colorbench_05525,B,B,1
colorbench_05527,B,B,1
colorbench_05529,B,B,1
colorbench_05531,B,B,1
colorbench_05533,B,B,1
colorbench_05535,A,A,1
colorbench_05537,A,A,1
colorbench_05539,A,A,1
colorbench_05541,A,A,1
colorbench_05543,A,A,1
colorbench_05545,A,A,1
colorbench_05547,A,B,0
colorbench_05549,A,B,0
colorbench_05551,A,S,0
colorbench_05553,A,B,0
colorbench_05555,A,B,0
colorbench_05557,A,B,0
colorbench_05559,A,A,1
colorbench_05561,A,A,1
colorbench_05563,A,A,1
colorbench_05565,A,A,1
colorbench_05567,A,A,1
colorbench_05569,A,A,1
colorbench_05571,B,B,1
colorbench_05573,B,B,1
colorbench_05575,B,B,1
colorbench_05577,B,B,1
colorbench_05579,B,,0
colorbench_05581,B,B,1
colorbench_05583,A,A,1
colorbench_05585,A,A,1
colorbench_05587,A,A,1
colorbench_05589,A,A,1
colorbench_05591,A,A,1
colorbench_05593,A,A,1
colorbench_05595,B,B,1
colorbench_05597,B,B,1
colorbench_05599,B,B,1
colorbench_05601,B,B,1
colorbench_05603,B,B,1
colorbench_05605,B,B,1
colorbench_05607,B,B,1
colorbench_05609,B,B,1
colorbench_05611,B,B,1
colorbench_05613,B,B,1
colorbench_05615,B,B,1
colorbench_05617,B,B,1
colorbench_05619,B,B,1
colorbench_05621,B,B,1
colorbench_05623,B,B,1
colorbench_05625,B,B,1
colorbench_05627,B,B,1
colorbench_05629,B,B,1
colorbench_05631,B,B,1
colorbench_05633,B,B,1
colorbench_05635,B,B,1
colorbench_05637,B,B,1
colorbench_05639,B,B,1
colorbench_05641,B,B,1
colorbench_05643,B,B,1
colorbench_05645,B,B,1
colorbench_05647,B,B,1
colorbench_05649,B,B,1
colorbench_05651,B,B,1
colorbench_05653,B,B,1
colorbench_05655,A,A,1
colorbench_05657,A,A,1
colorbench_05659,A,A,1
colorbench_05661,A,,0
colorbench_05663,A,A,1
colorbench_05665,A,A,1
colorbench_05667,A,A,1
colorbench_05669,A,A,1
colorbench_05671,A,A,1
colorbench_05673,A,A,1
colorbench_05675,A,A,1
colorbench_05677,A,A,1
colorbench_05679,B,A,0
colorbench_05681,B,A,0
colorbench_05683,B,A,0
colorbench_05685,B,A,0
colorbench_05687,B,A,0
colorbench_05689,B,A,0
colorbench_05691,B,A,0
colorbench_05693,B,A,0
colorbench_05695,B,A,0
colorbench_05697,B,A,0
colorbench_05699,B,A,0
colorbench_05701,B,A,0
colorbench_05703,B,B,1
colorbench_05705,B,B,1
colorbench_05707,B,B,1
colorbench_05709,B,B,1
colorbench_05711,B,B,1
colorbench_05713,B,B,1
colorbench_05715,A,A,1
colorbench_05717,A,A,1
colorbench_05719,A,A,1
colorbench_05721,A,A,1
colorbench_05723,A,A,1
colorbench_05725,A,A,1
colorbench_05727,A,A,1
colorbench_05729,A,A,1
colorbench_05731,A,A,1
colorbench_05733,A,A,1
colorbench_05735,A,A,1
colorbench_05737,A,A,1
colorbench_05739,A,A,1
colorbench_05741,A,A,1
colorbench_05743,A,A,1
colorbench_05745,A,A,1
colorbench_05747,A,A,1
colorbench_05749,A,A,1
colorbench_05751,B,B,1
colorbench_05753,B,B,1
colorbench_05755,B,B,1
colorbench_05757,B,B,1
colorbench_05759,B,B,1
colorbench_05761,B,B,1
colorbench_05763,B,B,1
colorbench_05765,B,B,1
colorbench_05767,B,B,1
colorbench_05769,B,B,1
colorbench_05771,B,B,1
colorbench_05773,B,B,1
colorbench_05775,B,B,1
colorbench_05777,B,B,1
colorbench_05779,B,B,1
colorbench_05781,B,B,1
colorbench_05783,B,B,1
colorbench_05785,B,B,1
colorbench_05787,A,A,1
colorbench_05789,A,A,1
colorbench_05791,A,A,1
colorbench_05793,A,A,1
colorbench_05795,A,A,1
colorbench_05797,A,A,1
colorbench_05799,A,A,1
colorbench_05801,A,B,0
colorbench_05803,A,A,1
colorbench_05805,A,A,1
colorbench_05807,A,A,1
colorbench_05809,A,A,1
colorbench_05811,A,A,1
colorbench_05813,A,A,1
colorbench_05815,A,A,1
colorbench_05817,A,A,1
colorbench_05819,A,A,1
colorbench_05821,A,A,1
colorbench_05823,B,B,1
colorbench_05825,B,B,1
colorbench_05827,B,B,1
colorbench_05829,B,B,1
colorbench_05831,B,B,1
colorbench_05833,B,B,1
colorbench_05835,B,B,1
colorbench_05837,B,B,1
colorbench_05839,B,B,1
colorbench_05841,B,B,1
colorbench_05843,B,B,1
colorbench_05845,B,B,1
colorbench_05847,A,A,1
colorbench_05849,A,A,1
colorbench_05851,A,A,1
colorbench_05853,A,A,1
colorbench_05855,A,A,1
colorbench_05857,A,A,1
colorbench_05859,A,A,1
colorbench_05861,A,A,1
colorbench_05863,A,A,1
colorbench_05865,A,A,1
colorbench_05867,A,A,1
colorbench_05869,A,A,1
colorbench_05871,A,B,0
colorbench_05873,A,B,0
colorbench_05875,A,A,1
colorbench_05877,A,A,1
colorbench_05879,A,A,1
colorbench_05881,A,A,1
colorbench_05883,A,A,1
colorbench_05885,A,A,1
colorbench_05887,A,A,1
colorbench_05889,A,A,1
colorbench_05891,A,A,1
colorbench_05893,A,A,1
colorbench_05895,A,A,1
colorbench_05897,A,A,1
colorbench_05899,A,A,1
colorbench_05901,A,A,1
colorbench_05903,A,A,1
colorbench_05905,A,A,1
colorbench_05907,B,B,1
colorbench_05909,B,B,1
colorbench_05911,B,B,1
colorbench_05913,B,B,1
colorbench_05915,B,B,1
colorbench_05917,B,B,1
colorbench_05919,B,B,1
colorbench_05921,B,B,1
colorbench_05923,B,B,1
colorbench_05925,B,B,1
colorbench_05927,B,B,1
colorbench_05929,B,B,1
colorbench_05931,B,B,1
colorbench_05933,B,B,1
colorbench_05935,B,B,1
colorbench_05937,B,B,1
colorbench_05939,B,B,1
colorbench_05941,B,B,1
colorbench_05943,A,B,0
colorbench_05945,A,B,0
colorbench_05947,A,B,0
colorbench_05949,A,B,0
colorbench_05951,A,B,0
colorbench_05953,A,B,0
colorbench_05955,B,A,0
colorbench_05957,B,A,0
colorbench_05959,B,A,0
colorbench_05961,B,A,0
colorbench_05963,B,A,0
colorbench_05965,B,A,0
colorbench_05967,B,B,1
colorbench_05969,B,B,1
colorbench_05971,B,B,1
colorbench_05973,B,B,1
colorbench_05975,B,B,1
colorbench_05977,B,B,1
colorbench_05979,A,A,1
colorbench_05981,A,A,1
colorbench_05983,A,A,1
colorbench_05985,A,A,1
colorbench_05987,A,A,1
colorbench_05989,A,A,1
colorbench_05991,B,,0
colorbench_05993,B,,0
colorbench_05995,B,B,1
colorbench_05997,B,,0
colorbench_05999,B,,0
colorbench_06001,B,,0
colorbench_06003,A,A,1
colorbench_06005,A,A,1
colorbench_06007,A,A,1
colorbench_06009,A,A,1
colorbench_06011,A,A,1
colorbench_06013,A,A,1
colorbench_06015,A,A,1
colorbench_06017,A,A,1
colorbench_06019,A,A,1
colorbench_06021,A,A,1
colorbench_06023,A,A,1
colorbench_06025,A,A,1
colorbench_06027,B,A,0
colorbench_06029,B,B,1
colorbench_06031,B,A,0
colorbench_06033,B,S,0
colorbench_06035,B,B,1
colorbench_06037,B,B,1
colorbench_06039,B,B,1
colorbench_06041,B,B,1
colorbench_06043,B,B,1
colorbench_06045,B,B,1
colorbench_06047,B,B,1
colorbench_06049,B,B,1
colorbench_06051,B,B,1
colorbench_06053,B,B,1
colorbench_06055,B,B,1
colorbench_06057,B,B,1
colorbench_06059,B,B,1
colorbench_06061,B,B,1
colorbench_06063,A,A,1
colorbench_06065,A,A,1
colorbench_06067,A,A,1
colorbench_06069,A,A,1
colorbench_06071,A,A,1
colorbench_06073,A,A,1
colorbench_06075,B,B,1
colorbench_06077,B,B,1
colorbench_06079,B,B,1
colorbench_06081,B,B,1
colorbench_06083,B,B,1
colorbench_06085,B,B,1
colorbench_06087,A,A,1
colorbench_06089,A,A,1
colorbench_06091,A,A,1
colorbench_06093,A,,0
colorbench_06095,A,A,1
colorbench_06097,A,A,1
colorbench_06099,B,B,1
colorbench_06101,B,B,1
colorbench_06103,B,B,1
colorbench_06105,B,B,1
colorbench_06107,B,B,1
colorbench_06109,B,B,1
colorbench_06111,A,B,0
colorbench_06113,A,B,0
colorbench_06115,A,B,0
colorbench_06117,A,A,1
colorbench_06119,A,B,0
colorbench_06121,A,A,1
colorbench_06123,A,A,1
colorbench_06125,A,A,1
colorbench_06127,A,A,1
colorbench_06129,A,A,1
colorbench_06131,A,A,1
colorbench_06133,A,A,1
colorbench_06135,B,B,1
colorbench_06137,B,B,1
colorbench_06139,B,B,1
colorbench_06141,B,B,1
colorbench_06143,B,B,1
colorbench_06145,B,B,1
colorbench_06147,B,B,1
colorbench_06149,B,B,1
colorbench_06151,B,B,1
colorbench_06153,B,B,1
colorbench_06155,B,B,1
colorbench_06157,B,B,1
colorbench_06159,A,A,1
colorbench_06161,A,A,1
colorbench_06163,A,A,1
colorbench_06165,A,A,1
colorbench_06167,A,A,1
colorbench_06169,A,A,1
colorbench_06171,A,A,1
colorbench_06173,A,A,1
colorbench_06175,A,A,1
colorbench_06177,A,A,1
colorbench_06179,A,A,1
colorbench_06181,A,A,1
colorbench_06183,B,B,1
colorbench_06185,B,B,1
colorbench_06187,B,B,1
colorbench_06189,B,B,1
colorbench_06191,B,B,1
colorbench_06193,B,B,1
colorbench_06195,A,A,1
colorbench_06197,A,A,1
colorbench_06199,A,A,1
colorbench_06201,A,A,1
colorbench_06203,A,A,1
colorbench_06205,A,A,1
colorbench_06207,B,B,1
colorbench_06209,B,B,1
colorbench_06211,B,B,1
colorbench_06213,B,B,1
colorbench_06215,B,B,1
colorbench_06217,B,B,1
colorbench_06219,B,B,1
colorbench_06221,B,B,1
colorbench_06223,B,B,1
colorbench_06225,B,B,1
colorbench_06227,B,B,1
colorbench_06229,B,B,1
colorbench_06231,B,B,1
colorbench_06233,B,B,1
colorbench_06235,B,B,1
colorbench_06237,B,B,1
colorbench_06239,B,B,1
colorbench_06241,B,B,1
colorbench_06243,B,B,1
colorbench_06245,B,B,1
colorbench_06247,B,B,1
colorbench_06249,B,B,1
colorbench_06251,B,B,1
colorbench_06253,B,B,1
colorbench_06255,B,B,1
colorbench_06257,B,B,1
colorbench_06259,B,B,1
colorbench_06261,B,B,1
colorbench_06263,B,B,1
colorbench_06265,B,B,1
colorbench_06267,A,B,0
colorbench_06269,A,B,0
colorbench_06271,A,A,1
colorbench_06273,A,B,0
colorbench_06275,A,B,0
colorbench_06277,A,B,0
colorbench_06279,A,A,1
colorbench_06281,A,A,1
colorbench_06283,A,A,1
colorbench_06285,A,A,1
colorbench_06287,A,A,1
colorbench_06289,A,A,1
colorbench_06291,B,B,1
colorbench_06293,B,B,1
colorbench_06295,B,B,1
colorbench_06297,B,B,1
colorbench_06299,B,B,1
colorbench_06301,B,B,1
colorbench_06303,B,B,1
colorbench_06305,B,B,1
colorbench_06307,B,B,1
colorbench_06309,B,B,1
colorbench_06311,B,B,1
colorbench_06313,B,B,1
colorbench_06315,A,A,1
colorbench_06317,A,A,1
colorbench_06319,A,A,1
colorbench_06321,A,A,1
colorbench_06323,A,A,1
colorbench_06325,A,A,1
colorbench_06327,B,B,1
colorbench_06329,B,B,1
colorbench_06331,B,B,1
colorbench_06333,B,B,1
colorbench_06335,B,B,1
colorbench_06337,B,B,1
colorbench_06339,B,B,1
colorbench_06341,B,B,1
colorbench_06343,B,B,1
colorbench_06345,B,B,1
colorbench_06347,B,B,1
colorbench_06349,B,B,1
colorbench_06351,A,A,1
colorbench_06353,A,S,0
colorbench_06355,A,B,0
colorbench_06357,A,A,1
colorbench_06359,A,A,1
colorbench_06361,A,A,1
colorbench_06363,A,A,1
colorbench_06365,A,A,1
colorbench_06367,A,A,1
colorbench_06369,A,A,1
colorbench_06371,A,A,1
colorbench_06373,A,A,1
colorbench_06375,A,A,1
colorbench_06377,A,A,1
colorbench_06379,A,A,1
colorbench_06381,A,A,1
colorbench_06383,A,A,1
colorbench_06385,A,A,1
colorbench_06387,A,A,1
colorbench_06389,A,A,1
colorbench_06391,A,A,1
colorbench_06393,A,A,1
colorbench_06395,A,A,1
colorbench_06397,A,A,1
colorbench_06399,A,A,1
colorbench_06401,A,A,1
colorbench_06403,A,A,1
colorbench_06405,A,A,1
colorbench_06407,A,A,1
colorbench_06409,A,A,1
colorbench_06411,A,A,1
colorbench_06413,A,A,1
colorbench_06415,A,A,1
colorbench_06417,A,A,1
colorbench_06419,A,A,1
colorbench_06421,A,A,1
colorbench_06423,B,B,1
colorbench_06425,B,B,1
colorbench_06427,B,B,1
colorbench_06429,B,B,1
colorbench_06431,B,B,1
colorbench_06433,B,B,1
colorbench_06435,B,B,1
colorbench_06437,B,B,1
colorbench_06439,B,B,1
colorbench_06441,B,B,1
colorbench_06443,B,B,1
colorbench_06445,B,B,1
colorbench_06447,D,D,1
colorbench_06449,D,D,1
colorbench_06451,D,D,1
colorbench_06453,D,D,1
colorbench_06455,D,D,1
colorbench_06457,D,D,1
colorbench_06459,A,F,0
colorbench_06461,A,F,0
colorbench_06463,A,F,0
colorbench_06465,A,F,0
colorbench_06467,A,F,0
colorbench_06469,A,F,0
colorbench_06471,E,F,0
colorbench_06473,E,F,0
colorbench_06475,E,E,1
colorbench_06477,E,F,0
colorbench_06479,E,F,0
colorbench_06481,E,E,1
colorbench_06483,D,D,1
colorbench_06485,D,D,1
colorbench_06487,D,D,1
colorbench_06489,D,D,1
colorbench_06491,D,D,1
colorbench_06493,D,D,1
colorbench_06495,E,D,0
colorbench_06497,E,I,0
colorbench_06499,E,E,1
colorbench_06501,E,A,0
colorbench_06503,E,A,0
colorbench_06505,E,,0
colorbench_06507,A,A,1
colorbench_06509,A,A,1
colorbench_06511,A,A,1
colorbench_06513,A,A,1
colorbench_06515,A,A,1
colorbench_06517,A,A,1
colorbench_06519,D,D,1
colorbench_06521,D,D,1
colorbench_06523,D,D,1
colorbench_06525,D,D,1
colorbench_06527,D,D,1
colorbench_06529,D,D,1
colorbench_06531,A,A,1
colorbench_06533,A,A,1
colorbench_06535,A,A,1
colorbench_06537,A,A,1
colorbench_06539,A,A,1
colorbench_06541,A,A,1
colorbench_06543,A,I,0
colorbench_06545,A,I,0
colorbench_06547,A,I,0
colorbench_06549,A,A,1
colorbench_06551,A,A,1
colorbench_06553,A,A,1
colorbench_06555,B,B,1
colorbench_06557,B,B,1
colorbench_06559,B,B,1
colorbench_06561,B,B,1
colorbench_06563,B,B,1
colorbench_06565,B,B,1
colorbench_06567,C,C,1
colorbench_06569,C,C,1
colorbench_06571,C,C,1
colorbench_06573,C,C,1
colorbench_06575,C,C,1
colorbench_06577,C,C,1
colorbench_06579,D,D,1
colorbench_06581,D,D,1
colorbench_06583,D,D,1
colorbench_06585,D,D,1
colorbench_06587,D,D,1
colorbench_06589,D,D,1
colorbench_06591,C,C,1
colorbench_06593,C,C,1
colorbench_06595,C,B,0
colorbench_06597,C,C,1
colorbench_06599,C,C,1
colorbench_06601,C,C,1
colorbench_06603,C,C,1
colorbench_06605,C,C,1
colorbench_06607,C,C,1
colorbench_06609,C,C,1
colorbench_06611,C,C,1
colorbench_06613,C,C,1
colorbench_06615,A,A,1
colorbench_06617,A,A,1
colorbench_06619,A,A,1
colorbench_06621,A,A,1
colorbench_06623,A,A,1
colorbench_06625,A,A,1
colorbench_06627,E,E,1
colorbench_06629,E,E,1
colorbench_06631,E,E,1
colorbench_06633,E,E,1
colorbench_06635,E,E,1
colorbench_06637,E,E,1
colorbench_06639,C,C,1
colorbench_06641,C,C,1
colorbench_06643,C,C,1
colorbench_06645,C,C,1
colorbench_06647,C,C,1
colorbench_06649,C,C,1
colorbench_06651,D,I,0
colorbench_06653,D,I,0
colorbench_06655,D,I,0
colorbench_06657,D,I,0
colorbench_06659,D,F,0
colorbench_06661,D,A,0
colorbench_06663,C,C,1
colorbench_06665,C,C,1
colorbench_06667,C,C,1
colorbench_06669,C,C,1
colorbench_06671,C,C,1
colorbench_06673,C,C,1
colorbench_06675,B,B,1
colorbench_06677,B,B,1
colorbench_06679,B,B,1
colorbench_06681,B,S,0
colorbench_06683,B,B,1
colorbench_06685,B,B,1
colorbench_06687,A,B,0
colorbench_06689,A,B,0
colorbench_06691,A,B,0
colorbench_06693,A,B,0
colorbench_06695,A,B,0
colorbench_06697,A,B,0
colorbench_06699,C,C,1
colorbench_06701,C,C,1
colorbench_06703,C,C,1
colorbench_06705,C,C,1
colorbench_06707,C,C,1
colorbench_06709,C,C,1
colorbench_06711,D,D,1
colorbench_06713,D,D,1
colorbench_06715,D,D,1
colorbench_06717,D,D,1
colorbench_06719,D,D,1
colorbench_06721,D,D,1
colorbench_06723,C,C,1
colorbench_06725,C,C,1
colorbench_06727,C,C,1
colorbench_06729,C,C,1
colorbench_06731,C,C,1
colorbench_06733,C,C,1
colorbench_06735,D,D,1
colorbench_06737,D,D,1
colorbench_06739,D,D,1
colorbench_06741,D,D,1
colorbench_06743,D,D,1
colorbench_06745,D,D,1
colorbench_06747,A,A,1
colorbench_06749,A,A,1
colorbench_06751,A,A,1
colorbench_06753,A,A,1
colorbench_06755,A,A,1
colorbench_06757,A,A,1
colorbench_06759,C,C,1
colorbench_06761,C,C,1
colorbench_06763,C,C,1
colorbench_06765,C,C,1
colorbench_06767,C,C,1
colorbench_06769,C,C,1
colorbench_06771,C,C,1
colorbench_06773,C,C,1
colorbench_06775,C,C,1
colorbench_06777,C,C,1
colorbench_06779,C,C,1
colorbench_06781,C,C,1
colorbench_06783,B,B,1
colorbench_06785,B,B,1
colorbench_06787,B,B,1
colorbench_06789,B,B,1
colorbench_06791,B,B,1
colorbench_06793,B,B,1
colorbench_06795,C,C,1
colorbench_06797,C,C,1
colorbench_06799,C,C,1
colorbench_06801,C,C,1
colorbench_06803,C,C,1
colorbench_06805,C,C,1
colorbench_06807,B,A,0
colorbench_06809,B,I,0
colorbench_06811,B,B,1
colorbench_06813,B,I,0
colorbench_06815,B,,0
colorbench_06817,B,I,0
colorbench_06819,A,A,1
colorbench_06821,A,A,1
colorbench_06823,A,A,1
colorbench_06825,A,A,1
colorbench_06827,A,A,1
colorbench_06829,A,A,1
colorbench_06831,B,B,1
colorbench_06833,B,B,1
colorbench_06835,B,B,1
colorbench_06837,B,B,1
colorbench_06839,B,B,1
colorbench_06841,B,B,1
colorbench_06843,B,B,1
colorbench_06845,B,B,1
colorbench_06847,B,B,1
colorbench_06849,B,B,1
colorbench_06851,B,B,1
colorbench_06853,B,B,1
colorbench_06855,C,E,0
colorbench_06857,C,E,0
colorbench_06859,C,E,0
colorbench_06861,C,C,1
colorbench_06863,C,C,1
colorbench_06865,C,C,1
colorbench_06867,D,D,1
colorbench_06869,D,D,1
colorbench_06871,D,D,1
colorbench_06873,D,D,1
colorbench_06875,D,D,1
colorbench_06877,D,D,1
colorbench_06879,C,C,1
colorbench_06881,C,C,1
colorbench_06883,C,C,1
colorbench_06885,C,C,1
colorbench_06887,C,C,1
colorbench_06889,C,C,1
colorbench_06891,C,A,0
colorbench_06893,C,A,0
colorbench_06895,C,A,0
colorbench_06897,C,A,0
colorbench_06899,C,C,1
colorbench_06901,C,C,1
colorbench_06903,F,,0
colorbench_06905,F,A,0
colorbench_06907,F,C,0
colorbench_06909,F,A,0
colorbench_06911,F,C,0
colorbench_06913,F,C,0
colorbench_06915,E,D,0
colorbench_06917,E,E,1
colorbench_06919,E,D,0
colorbench_06921,E,E,1
colorbench_06923,E,E,1
colorbench_06925,E,A,0
colorbench_06927,D,D,1
colorbench_06929,D,D,1
colorbench_06931,D,D,1
colorbench_06933,D,D,1
colorbench_06935,D,D,1
colorbench_06937,D,D,1
colorbench_06939,F,F,1
colorbench_06941,F,F,1
colorbench_06943,F,F,1
colorbench_06945,F,D,0
colorbench_06947,F,B,0
colorbench_06949,F,F,1
colorbench_06951,C,C,1
colorbench_06953,C,C,1
colorbench_06955,C,C,1
colorbench_06957,C,C,1
colorbench_06959,C,C,1
colorbench_06961,C,C,1
colorbench_06963,B,B,1
colorbench_06965,B,B,1
colorbench_06967,B,B,1
colorbench_06969,B,B,1
colorbench_06971,B,B,1
colorbench_06973,B,B,1
colorbench_06975,A,A,1
colorbench_06977,A,A,1
colorbench_06979,A,A,1
colorbench_06981,A,A,1
colorbench_06983,A,A,1
colorbench_06985,A,A,1
colorbench_06987,D,D,1
colorbench_06989,D,D,1
colorbench_06991,D,D,1
colorbench_06993,D,D,1
colorbench_06995,D,D,1
colorbench_06997,D,D,1
colorbench_06999,C,A,0
colorbench_07001,C,B,0
colorbench_07003,C,A,0
colorbench_07005,C,B,0
colorbench_07007,C,B,0
colorbench_07009,C,B,0
colorbench_07011,D,D,1
colorbench_07013,D,D,1
colorbench_07015,D,D,1
colorbench_07017,D,D,1
colorbench_07019,D,D,1
colorbench_07021,D,D,1
colorbench_07023,E,E,1
colorbench_07025,E,E,1
colorbench_07027,E,E,1
colorbench_07029,E,E,1
colorbench_07031,E,E,1
colorbench_07033,E,E,1
colorbench_07035,A,A,1
colorbench_07037,A,A,1
colorbench_07039,A,A,1
colorbench_07041,A,A,1
colorbench_07043,A,A,1
colorbench_07045,A,A,1
colorbench_07047,C,C,1
colorbench_07049,C,C,1
colorbench_07051,C,C,1
colorbench_07053,C,C,1
colorbench_07055,C,C,1
colorbench_07057,C,C,1
colorbench_07059,D,D,1
colorbench_07061,D,D,1
colorbench_07063,D,D,1
colorbench_07065,D,D,1
colorbench_07067,D,D,1
colorbench_07069,D,D,1
colorbench_07071,D,A,0
colorbench_07073,D,A,0
colorbench_07075,D,A,0
colorbench_07077,D,A,0
colorbench_07079,D,A,0
colorbench_07081,D,A,0
colorbench_07083,C,C,1
colorbench_07085,C,C,1
colorbench_07087,C,C,1
colorbench_07089,C,C,1
colorbench_07091,C,C,1
colorbench_07093,C,C,1
colorbench_07095,B,B,1
colorbench_07097,B,B,1
colorbench_07099,B,B,1
colorbench_07101,B,B,1
colorbench_07103,B,B,1
colorbench_07105,B,B,1
colorbench_07107,D,D,1
colorbench_07109,D,D,1
colorbench_07111,D,D,1
colorbench_07113,D,D,1
colorbench_07115,D,D,1
colorbench_07117,D,D,1
colorbench_07119,B,C,0
colorbench_07121,B,B,1
colorbench_07123,B,B,1
colorbench_07125,B,B,1
colorbench_07127,B,B,1
colorbench_07129,B,B,1
colorbench_07131,C,C,1
colorbench_07133,C,C,1
colorbench_07135,C,C,1
colorbench_07137,C,C,1
colorbench_07139,C,C,1
colorbench_07141,C,C,1
colorbench_07143,A,A,1
colorbench_07145,A,A,1
colorbench_07147,A,A,1
colorbench_07149,A,A,1
colorbench_07151,A,A,1
colorbench_07153,A,A,1
colorbench_07155,D,D,1
colorbench_07157,D,D,1
colorbench_07159,D,D,1
colorbench_07161,D,D,1
colorbench_07163,D,D,1
colorbench_07165,D,D,1
colorbench_07167,D,D,1
colorbench_07169,D,D,1
colorbench_07171,D,D,1
colorbench_07173,D,D,1
colorbench_07175,D,D,1
colorbench_07177,D,D,1
colorbench_07179,C,C,1
colorbench_07181,C,C,1
colorbench_07183,C,C,1
colorbench_07185,C,C,1
colorbench_07187,C,C,1
colorbench_07189,C,C,1
colorbench_07191,C,C,1
colorbench_07193,C,C,1
colorbench_07195,C,C,1
colorbench_07197,C,C,1
colorbench_07199,C,C,1
colorbench_07201,C,C,1
colorbench_07203,A,A,1
colorbench_07205,A,A,1
colorbench_07207,A,A,1
colorbench_07209,A,A,1
colorbench_07211,A,A,1
colorbench_07213,A,A,1
colorbench_07215,B,B,1
colorbench_07217,B,B,1
colorbench_07219,B,B,1
colorbench_07221,B,B,1
colorbench_07223,B,B,1
colorbench_07225,B,B,1
colorbench_07227,B,B,1
colorbench_07229,B,B,1
colorbench_07231,B,B,1
colorbench_07233,B,B,1
colorbench_07235,B,B,1
colorbench_07237,B,B,1
colorbench_07239,B,B,1
colorbench_07241,B,B,1
colorbench_07243,B,B,1
colorbench_07245,B,B,1
colorbench_07247,B,B,1
colorbench_07249,B,B,1
colorbench_07251,D,D,1
colorbench_07253,D,D,1
colorbench_07255,D,D,1
colorbench_07257,D,D,1
colorbench_07259,D,D,1
colorbench_07261,D,D,1
colorbench_07263,B,B,1
colorbench_07265,B,B,1
colorbench_07267,B,B,1
colorbench_07269,B,B,1
colorbench_07271,B,B,1
colorbench_07273,B,B,1
colorbench_07275,D,D,1
colorbench_07277,D,D,1
colorbench_07279,D,D,1
colorbench_07281,D,D,1
colorbench_07283,D,D,1
colorbench_07285,D,D,1
colorbench_07287,F,F,1
colorbench_07289,F,E,0
colorbench_07291,F,E,0
colorbench_07293,F,E,0
colorbench_07295,F,F,1
colorbench_07297,F,E,0
colorbench_07299,A,B,0
colorbench_07301,A,A,1
colorbench_07303,A,A,1
colorbench_07305,A,A,1
colorbench_07307,A,A,1
colorbench_07309,A,A,1
colorbench_07311,B,B,1
colorbench_07313,B,B,1
colorbench_07315,B,B,1
colorbench_07317,B,B,1
colorbench_07319,B,B,1
colorbench_07321,B,B,1
colorbench_07323,D,D,1
colorbench_07325,D,D,1
colorbench_07327,D,D,1
colorbench_07329,D,D,1
colorbench_07331,D,D,1
colorbench_07333,D,D,1
colorbench_07335,A,A,1
colorbench_07337,A,A,1
colorbench_07339,A,A,1
colorbench_07341,A,A,1
colorbench_07343,A,A,1
colorbench_07345,A,A,1
colorbench_07347,B,B,1
colorbench_07349,B,B,1
colorbench_07351,B,B,1
colorbench_07353,B,B,1
colorbench_07355,B,B,1
colorbench_07357,B,B,1
colorbench_07359,A,B,0
colorbench_07361,A,B,0
colorbench_07363,A,B,0
colorbench_07365,A,I,0
colorbench_07367,A,A,1
colorbench_07369,A,I,0
colorbench_07371,D,D,1
colorbench_07373,D,D,1
colorbench_07375,D,D,1
colorbench_07377,D,D,1
colorbench_07379,D,D,1
colorbench_07381,D,D,1
colorbench_07383,C,C,1
colorbench_07385,C,C,1
colorbench_07387,C,C,1
colorbench_07389,C,C,1
colorbench_07391,C,C,1
colorbench_07393,C,C,1
colorbench_07395,D,D,1
colorbench_07397,D,D,1
colorbench_07399,D,D,1
colorbench_07401,D,D,1
colorbench_07403,D,E,0
colorbench_07405,D,A,0
colorbench_07407,E,I,0
colorbench_07409,E,I,0
colorbench_07411,E,I,0
colorbench_07413,E,B,0
colorbench_07415,E,I,0
colorbench_07417,E,E,1
colorbench_07419,C,C,1
colorbench_07421,C,C,1
colorbench_07423,C,C,1
colorbench_07425,C,C,1
colorbench_07427,C,C,1
colorbench_07429,C,C,1
colorbench_07431,B,B,1
colorbench_07433,B,B,1
colorbench_07435,B,B,1
colorbench_07437,B,B,1
colorbench_07439,B,B,1
colorbench_07441,B,B,1
colorbench_07443,D,D,1
colorbench_07445,D,D,1
colorbench_07447,D,D,1
colorbench_07449,D,D,1
colorbench_07451,D,D,1
colorbench_07453,D,D,1
colorbench_07455,B,B,1
colorbench_07457,B,B,1
colorbench_07459,B,B,1
colorbench_07461,B,B,1
colorbench_07463,B,B,1
colorbench_07465,B,B,1
colorbench_07467,C,C,1
colorbench_07469,C,C,1
colorbench_07471,C,C,1
colorbench_07473,C,C,1
colorbench_07475,C,C,1
colorbench_07477,C,C,1
colorbench_07479,D,D,1
colorbench_07481,D,D,1
colorbench_07483,D,D,1
colorbench_07485,D,D,1
colorbench_07487,D,D,1
colorbench_07489,D,D,1
colorbench_07491,B,B,1
colorbench_07493,B,B,1
colorbench_07495,B,B,1
colorbench_07497,B,B,1
colorbench_07499,B,B,1
colorbench_07501,B,B,1
colorbench_07503,A,A,1
colorbench_07505,A,A,1
colorbench_07507,A,A,1
colorbench_07509,A,A,1
colorbench_07511,A,A,1
colorbench_07513,A,A,1
colorbench_07515,D,D,1
colorbench_07517,D,D,1
colorbench_07519,D,D,1
colorbench_07521,D,D,1
colorbench_07523,D,D,1
colorbench_07525,D,D,1
colorbench_07527,A,A,1
colorbench_07529,A,A,1
colorbench_07531,A,A,1
colorbench_07533,A,A,1
colorbench_07535,A,A,1
colorbench_07537,A,A,1
colorbench_07539,D,D,1
colorbench_07541,D,D,1
colorbench_07543,D,D,1
colorbench_07545,D,D,1
colorbench_07547,D,D,1
colorbench_07549,D,D,1
colorbench_07551,C,C,1
colorbench_07553,C,S,0
colorbench_07555,C,C,1
colorbench_07557,C,C,1
colorbench_07559,C,C,1
colorbench_07561,C,S,0
colorbench_07563,C,C,1
colorbench_07565,C,C,1
colorbench_07567,C,C,1
colorbench_07569,C,S,0
colorbench_07571,C,C,1
colorbench_07573,C,C,1
colorbench_07575,E,E,1
colorbench_07577,E,E,1
colorbench_07579,E,E,1
colorbench_07581,E,E,1
colorbench_07583,E,E,1
colorbench_07585,E,E,1
colorbench_07587,B,B,1
colorbench_07589,B,B,1
colorbench_07591,B,B,1
colorbench_07593,B,B,1
colorbench_07595,B,B,1
colorbench_07597,B,B,1
colorbench_07599,D,D,1
colorbench_07601,D,D,1
colorbench_07603,D,D,1
colorbench_07605,D,D,1
colorbench_07607,D,D,1
colorbench_07609,D,D,1
colorbench_07611,D,D,1
colorbench_07613,D,D,1
colorbench_07615,D,D,1
colorbench_07617,D,D,1
colorbench_07619,D,D,1
colorbench_07621,D,D,1
colorbench_07623,E,D,0
colorbench_07625,E,D,0
colorbench_07627,E,D,0
colorbench_07629,E,D,0
colorbench_07631,E,D,0
colorbench_07633,E,D,0
colorbench_07635,D,D,1
colorbench_07637,D,D,1
colorbench_07639,D,D,1
colorbench_07641,D,D,1
colorbench_07643,D,D,1
colorbench_07645,D,D,1
colorbench_07647,D,D,1
colorbench_07649,D,D,1
colorbench_07651,D,D,1
colorbench_07653,D,D,1
colorbench_07655,D,D,1
colorbench_07657,D,D,1
colorbench_07659,A,A,1
colorbench_07661,A,A,1
colorbench_07663,A,A,1
colorbench_07665,A,A,1
colorbench_07667,A,A,1
colorbench_07669,A,A,1
colorbench_07671,B,B,1
colorbench_07673,B,B,1
colorbench_07675,B,B,1
colorbench_07677,B,B,1
colorbench_07679,B,B,1
colorbench_07681,B,B,1
colorbench_07683,D,D,1
colorbench_07685,D,D,1
colorbench_07687,D,D,1
colorbench_07689,D,D,1
colorbench_07691,D,D,1
colorbench_07693,D,D,1
colorbench_07695,D,D,1
colorbench_07697,D,D,1
colorbench_07699,D,D,1
colorbench_07701,D,D,1
colorbench_07703,D,D,1
colorbench_07705,D,D,1
colorbench_07707,C,C,1
colorbench_07709,C,C,1
colorbench_07711,C,C,1
colorbench_07713,C,C,1
colorbench_07715,C,C,1
colorbench_07717,C,C,1
colorbench_07719,D,D,1
colorbench_07721,D,D,1
colorbench_07723,D,D,1
colorbench_07725,D,D,1
colorbench_07727,D,D,1
colorbench_07729,D,D,1
colorbench_07731,B,B,1
colorbench_07733,B,B,1
colorbench_07735,B,B,1
colorbench_07737,B,B,1
colorbench_07739,B,B,1
colorbench_07741,B,B,1
colorbench_07743,A,A,1
colorbench_07745,A,A,1
colorbench_07747,A,A,1
colorbench_07749,A,A,1
colorbench_07751,A,A,1
colorbench_07753,A,A,1
colorbench_07755,B,B,1
colorbench_07757,B,B,1
colorbench_07759,B,B,1
colorbench_07761,B,B,1
colorbench_07763,B,B,1
colorbench_07765,B,B,1
colorbench_07767,B,B,1
colorbench_07769,B,B,1
colorbench_07771,B,B,1
colorbench_07773,B,B,1
colorbench_07775,B,B,1
colorbench_07777,B,B,1
colorbench_07779,C,C,1
colorbench_07781,C,C,1
colorbench_07783,C,C,1
colorbench_07785,C,C,1
colorbench_07787,C,C,1
colorbench_07789,C,C,1
colorbench_07791,B,B,1
colorbench_07793,B,B,1
colorbench_07795,B,B,1
colorbench_07797,B,B,1
colorbench_07799,B,B,1
colorbench_07801,B,B,1
colorbench_07803,D,D,1
colorbench_07805,D,D,1
colorbench_07807,D,D,1
colorbench_07809,D,D,1
colorbench_07811,D,D,1
colorbench_07813,D,D,1
colorbench_07815,C,C,1
colorbench_07817,C,C,1
colorbench_07819,C,B,0
colorbench_07821,C,C,1
colorbench_07823,C,C,1
colorbench_07825,C,C,1
colorbench_07827,B,B,1
colorbench_07829,B,B,1
colorbench_07831,B,B,1
colorbench_07833,B,B,1
colorbench_07835,B,B,1
colorbench_07837,B,B,1
colorbench_07839,D,D,1
colorbench_07841,D,D,1
colorbench_07843,D,D,1
colorbench_07845,D,D,1
colorbench_07847,D,D,1
colorbench_07849,D,D,1
colorbench_07851,D,D,1
colorbench_07853,D,D,1
colorbench_07855,D,D,1
colorbench_07857,D,D,1
colorbench_07859,D,D,1
colorbench_07861,D,D,1
colorbench_07863,C,S,0
colorbench_07865,C,C,1
colorbench_07867,C,C,1
colorbench_07869,C,C,1
colorbench_07871,C,C,1
colorbench_07873,C,C,1
colorbench_07875,A,A,1
colorbench_07877,A,A,1
colorbench_07879,A,A,1
colorbench_07881,A,A,1
colorbench_07883,A,A,1
colorbench_07885,A,A,1
colorbench_07887,D,D,1
colorbench_07889,D,D,1
colorbench_07891,D,D,1
colorbench_07893,D,D,1
colorbench_07895,D,D,1
colorbench_07897,D,D,1
colorbench_07899,E,E,1
colorbench_07901,E,E,1
colorbench_07903,E,E,1
colorbench_07905,E,E,1
colorbench_07907,E,E,1
colorbench_07909,E,E,1
colorbench_07911,D,D,1
colorbench_07913,D,D,1
colorbench_07915,D,D,1
colorbench_07917,D,D,1
colorbench_07919,D,D,1
colorbench_07921,D,D,1
colorbench_07923,A,A,1
colorbench_07925,A,A,1
colorbench_07927,A,A,1
colorbench_07929,A,A,1
colorbench_07931,A,A,1
colorbench_07933,A,A,1
colorbench_07935,D,D,1
colorbench_07937,D,D,1
colorbench_07939,D,D,1
colorbench_07941,D,D,1
colorbench_07943,D,D,1
colorbench_07945,D,D,1
colorbench_07947,A,I,0
colorbench_07949,A,,0
colorbench_07951,A,I,0
colorbench_07953,A,A,1
colorbench_07955,A,,0
colorbench_07957,A,,0
colorbench_07959,F,D,0
colorbench_07961,F,D,0
colorbench_07963,F,F,1
colorbench_07965,F,D,0
colorbench_07967,F,D,0
colorbench_07969,F,D,0
colorbench_07971,B,B,1
colorbench_07973,B,B,1
colorbench_07975,B,B,1
colorbench_07977,B,B,1
colorbench_07979,B,B,1
colorbench_07981,B,B,1
colorbench_07983,B,B,1
colorbench_07985,B,B,1
colorbench_07987,B,B,1
colorbench_07989,B,B,1
colorbench_07991,B,B,1
colorbench_07993,B,B,1
colorbench_07995,B,B,1
colorbench_07997,B,B,1
colorbench_07999,B,B,1
colorbench_08001,B,B,1
colorbench_08003,B,B,1
colorbench_08005,B,B,1
colorbench_08007,B,B,1
colorbench_08009,B,B,1
colorbench_08011,B,A,0
colorbench_08013,B,A,0
colorbench_08015,B,B,1
colorbench_08017,B,B,1
colorbench_08019,B,B,1
colorbench_08021,B,B,1
colorbench_08023,B,B,1
colorbench_08025,B,B,1
colorbench_08027,B,B,1
colorbench_08029,B,B,1
colorbench_08031,A,A,1
colorbench_08033,A,A,1
colorbench_08035,A,A,1
colorbench_08037,A,A,1
colorbench_08039,A,A,1
colorbench_08041,A,A,1
colorbench_08043,B,B,1
colorbench_08045,B,B,1
colorbench_08047,B,,0
colorbench_08049,B,,0
colorbench_08051,B,A,0
colorbench_08053,B,B,1
colorbench_08055,A,A,1
colorbench_08057,A,A,1
colorbench_08059,A,A,1
colorbench_08061,A,A,1
colorbench_08063,A,A,1
colorbench_08065,A,A,1
colorbench_08067,A,A,1
colorbench_08069,A,A,1
colorbench_08071,A,A,1
colorbench_08073,A,A,1
colorbench_08075,A,A,1
colorbench_08077,A,A,1
colorbench_08079,B,B,1
colorbench_08081,B,B,1
colorbench_08083,B,B,1
colorbench_08085,B,B,1
colorbench_08087,B,B,1
colorbench_08089,B,B,1
colorbench_08091,A,A,1
colorbench_08093,A,A,1
colorbench_08095,A,A,1
colorbench_08097,A,A,1
colorbench_08099,A,A,1
colorbench_08101,A,A,1
colorbench_08103,A,A,1
colorbench_08105,A,A,1
colorbench_08107,A,A,1
colorbench_08109,A,A,1
colorbench_08111,A,A,1
colorbench_08113,A,A,1
colorbench_08115,B,B,1
colorbench_08117,B,B,1
colorbench_08119,B,B,1
colorbench_08121,B,B,1
colorbench_08123,B,B,1
colorbench_08125,B,B,1
colorbench_08127,B,B,1
colorbench_08129,B,B,1
colorbench_08131,B,B,1
colorbench_08133,B,B,1
colorbench_08135,B,B,1
colorbench_08137,B,B,1
colorbench_08139,A,A,1
colorbench_08141,A,A,1
colorbench_08143,A,A,1
colorbench_08145,A,A,1
colorbench_08147,A,A,1
colorbench_08149,A,A,1
colorbench_08151,A,,0
colorbench_08153,A,,0
colorbench_08155,A,,0
colorbench_08157,A,,0
colorbench_08159,A,,0
colorbench_08161,A,,0
colorbench_08163,A,A,1
colorbench_08165,A,A,1
colorbench_08167,A,A,1
colorbench_08169,A,A,1
colorbench_08171,A,A,1
colorbench_08173,A,A,1
colorbench_08175,B,B,1
colorbench_08177,B,B,1
colorbench_08179,B,B,1
colorbench_08181,B,B,1
colorbench_08183,B,B,1
colorbench_08185,B,B,1
colorbench_08187,A,A,1
colorbench_08189,A,A,1
colorbench_08191,A,A,1
colorbench_08193,A,A,1
colorbench_08195,A,A,1
colorbench_08197,A,A,1
colorbench_08199,A,A,1
colorbench_08201,A,A,1
colorbench_08203,A,A,1
colorbench_08205,A,A,1
colorbench_08207,A,A,1
colorbench_08209,A,A,1
colorbench_08211,B,B,1
colorbench_08213,B,B,1
colorbench_08215,B,B,1
colorbench_08217,B,B,1
colorbench_08219,B,B,1
colorbench_08221,B,B,1
colorbench_08223,B,B,1
colorbench_08225,B,B,1
colorbench_08227,B,B,1
colorbench_08229,B,B,1
colorbench_08231,B,B,1
colorbench_08233,B,B,1
colorbench_08235,B,B,1
colorbench_08237,B,B,1
colorbench_08239,B,B,1
colorbench_08241,B,B,1
colorbench_08243,B,B,1
colorbench_08245,B,B,1
colorbench_08247,B,B,1
colorbench_08249,B,B,1
colorbench_08251,B,B,1
colorbench_08253,B,B,1
colorbench_08255,B,B,1
colorbench_08257,B,B,1
colorbench_08259,A,A,1
colorbench_08261,A,A,1
colorbench_08263,A,A,1
colorbench_08265,A,A,1
colorbench_08267,A,A,1
colorbench_08269,A,A,1
colorbench_08271,A,B,0
colorbench_08273,A,B,0
colorbench_08275,A,B,0
colorbench_08277,A,B,0
colorbench_08279,A,B,0
colorbench_08281,A,B,0
colorbench_08283,B,B,1
colorbench_08285,B,B,1
colorbench_08287,B,B,1
colorbench_08289,B,B,1
colorbench_08291,B,B,1
colorbench_08293,B,B,1
colorbench_08295,B,B,1
colorbench_08297,B,B,1
colorbench_08299,B,B,1
colorbench_08301,B,B,1
colorbench_08303,B,B,1
colorbench_08305,B,B,1
colorbench_08307,A,A,1
colorbench_08309,A,A,1
colorbench_08311,A,A,1
colorbench_08313,A,A,1
colorbench_08315,A,A,1
colorbench_08317,A,A,1
colorbench_08319,B,B,1
colorbench_08321,B,B,1
colorbench_08323,B,B,1
colorbench_08325,B,B,1
colorbench_08327,B,B,1
colorbench_08329,B,B,1
colorbench_08331,A,A,1
colorbench_08333,A,A,1
colorbench_08335,A,A,1
colorbench_08337,A,A,1
colorbench_08339,A,A,1
colorbench_08341,A,A,1
colorbench_08343,A,A,1
colorbench_08345,A,A,1
colorbench_08347,A,A,1
colorbench_08349,A,A,1
colorbench_08351,A,A,1
colorbench_08353,A,A,1
colorbench_08355,B,B,1
colorbench_08357,B,B,1
colorbench_08359,B,B,1
colorbench_08361,B,B,1
colorbench_08363,B,B,1
colorbench_08365,B,B,1
colorbench_08367,B,B,1
colorbench_08369,B,B,1
colorbench_08371,B,B,1
colorbench_08373,B,B,1
colorbench_08375,B,B,1
colorbench_08377,B,B,1
colorbench_08379,A,A,1
colorbench_08381,A,A,1
colorbench_08383,A,A,1
colorbench_08385,A,A,1
colorbench_08387,A,A,1
colorbench_08389,A,A,1
colorbench_08391,A,A,1
colorbench_08393,A,A,1
colorbench_08395,A,A,1
colorbench_08397,A,B,0
colorbench_08399,A,B,0
colorbench_08401,A,B,0
colorbench_08403,A,B,0
colorbench_08405,A,B,0
colorbench_08407,A,B,0
colorbench_08409,A,B,0
colorbench_08411,A,B,0
colorbench_08413,A,B,0
colorbench_08415,A,A,1
colorbench_08417,A,A,1
colorbench_08419,A,A,1
colorbench_08421,A,A,1
colorbench_08423,A,A,1
colorbench_08425,A,A,1
colorbench_08427,A,A,1
colorbench_08429,A,A,1
colorbench_08431,A,A,1
colorbench_08433,A,A,1
colorbench_08435,A,A,1
colorbench_08437,A,A,1
colorbench_08439,B,B,1
colorbench_08441,B,B,1
colorbench_08443,B,B,1
colorbench_08445,B,B,1
colorbench_08447,B,B,1
colorbench_08449,B,B,1
colorbench_08451,A,A,1
colorbench_08453,A,A,1
colorbench_08455,A,A,1
colorbench_08457,A,A,1
colorbench_08459,A,A,1
colorbench_08461,A,A,1
colorbench_08463,B,B,1
colorbench_08465,B,B,1
colorbench_08467,B,B,1
colorbench_08469,B,B,1
colorbench_08471,B,B,1
colorbench_08473,B,B,1
colorbench_08475,A,A,1
colorbench_08477,A,A,1
colorbench_08479,A,A,1
colorbench_08481,A,A,1
colorbench_08483,A,A,1
colorbench_08485,A,A,1
colorbench_08487,B,B,1
colorbench_08489,B,B,1
colorbench_08491,B,B,1
colorbench_08493,B,B,1
colorbench_08495,B,B,1
colorbench_08497,B,B,1
colorbench_08499,A,A,1
colorbench_08501,A,A,1
colorbench_08503,A,A,1
colorbench_08505,A,A,1
colorbench_08507,A,A,1
colorbench_08509,A,A,1
colorbench_08511,A,A,1
colorbench_08513,A,A,1
colorbench_08515,A,A,1
colorbench_08517,A,A,1
colorbench_08519,A,A,1
colorbench_08521,A,A,1
colorbench_08523,B,B,1
colorbench_08525,B,B,1
colorbench_08527,B,B,1
colorbench_08529,B,B,1
colorbench_08531,B,B,1
colorbench_08533,B,B,1
colorbench_08535,A,A,1
colorbench_08537,A,A,1
colorbench_08539,A,A,1
colorbench_08541,A,A,1
colorbench_08543,A,A,1
colorbench_08545,A,A,1
colorbench_08547,B,B,1
colorbench_08549,B,B,1
colorbench_08551,B,B,1
colorbench_08553,B,B,1
colorbench_08555,B,B,1
colorbench_08557,B,B,1
colorbench_08559,A,A,1
colorbench_08561,A,A,1
colorbench_08563,A,A,1
colorbench_08565,A,A,1
colorbench_08567,A,A,1
colorbench_08569,A,A,1
colorbench_08571,A,A,1
colorbench_08573,A,A,1
colorbench_08575,A,A,1
colorbench_08577,A,A,1
colorbench_08579,A,A,1
colorbench_08581,A,A,1
colorbench_08583,B,B,1
colorbench_08585,B,B,1
colorbench_08587,B,B,1
colorbench_08589,B,B,1
colorbench_08591,B,B,1
colorbench_08593,B,B,1
colorbench_08595,A,A,1
colorbench_08597,A,A,1
colorbench_08599,A,A,1
colorbench_08601,A,A,1
colorbench_08603,A,A,1
colorbench_08605,A,A,1
colorbench_08607,B,B,1
colorbench_08609,B,B,1
colorbench_08611,B,B,1
colorbench_08613,B,B,1
colorbench_08615,B,B,1
colorbench_08617,B,B,1
colorbench_08619,A,A,1
colorbench_08621,A,A,1
colorbench_08623,A,A,1
colorbench_08625,A,A,1
colorbench_08627,A,A,1
colorbench_08629,A,A,1
colorbench_08631,A,A,1
colorbench_08633,A,A,1
colorbench_08635,A,A,1
colorbench_08637,A,A,1
colorbench_08639,A,A,1
colorbench_08641,A,A,1
colorbench_08643,A,A,1
colorbench_08645,A,A,1
colorbench_08647,A,A,1
colorbench_08649,A,A,1
colorbench_08651,A,A,1
colorbench_08653,A,A,1
colorbench_08655,B,B,1
colorbench_08657,B,B,1
colorbench_08659,B,B,1
colorbench_08661,B,B,1
colorbench_08663,B,B,1
colorbench_08665,B,B,1
colorbench_08667,B,B,1
colorbench_08669,B,B,1
colorbench_08671,B,B,1
colorbench_08673,B,B,1
colorbench_08675,B,B,1
colorbench_08677,B,B,1
colorbench_08679,A,A,1
colorbench_08681,A,A,1
colorbench_08683,A,A,1
colorbench_08685,A,A,1
colorbench_08687,A,A,1
colorbench_08689,A,A,1
colorbench_08691,A,A,1
colorbench_08693,A,A,1
colorbench_08695,A,A,1
colorbench_08697,A,A,1
colorbench_08699,A,A,1
colorbench_08701,A,A,1
colorbench_08703,A,A,1
colorbench_08705,A,A,1
colorbench_08707,A,A,1
colorbench_08709,A,A,1
colorbench_08711,A,A,1
colorbench_08713,A,A,1
colorbench_08715,B,B,1
colorbench_08717,B,B,1
colorbench_08719,B,B,1
colorbench_08721,B,B,1
colorbench_08723,B,B,1
colorbench_08725,B,B,1
colorbench_08727,A,A,1
colorbench_08729,A,A,1
colorbench_08731,A,A,1
colorbench_08733,A,A,1
colorbench_08735,A,A,1
colorbench_08737,A,A,1
colorbench_08739,B,B,1
colorbench_08741,B,B,1
colorbench_08743,B,B,1
colorbench_08745,B,B,1
colorbench_08747,B,B,1
colorbench_08749,B,B,1
colorbench_08751,A,A,1
colorbench_08753,A,A,1
colorbench_08755,A,A,1
colorbench_08757,A,A,1
colorbench_08759,A,,0
colorbench_08761,A,B,0
colorbench_08763,A,A,1
colorbench_08765,A,A,1
colorbench_08767,A,A,1
colorbench_08769,A,A,1
colorbench_08771,A,A,1
colorbench_08773,A,A,1
colorbench_08775,A,B,0
colorbench_08777,A,A,1
colorbench_08779,A,A,1
colorbench_08781,A,A,1
colorbench_08783,A,A,1
colorbench_08785,A,A,1
colorbench_08787,B,B,1
colorbench_08789,B,B,1
colorbench_08791,B,B,1
colorbench_08793,B,B,1
colorbench_08795,B,B,1
colorbench_08797,B,B,1
colorbench_08799,B,B,1
colorbench_08801,B,B,1
colorbench_08803,B,B,1
colorbench_08805,B,B,1
colorbench_08807,B,B,1
colorbench_08809,B,B,1
colorbench_08811,B,B,1
colorbench_08813,B,B,1
colorbench_08815,B,B,1
colorbench_08817,B,B,1
colorbench_08819,B,B,1
colorbench_08821,B,B,1
colorbench_08823,B,B,1
colorbench_08825,B,B,1
colorbench_08827,B,B,1
colorbench_08829,B,B,1
colorbench_08831,B,B,1
colorbench_08833,B,B,1
colorbench_08835,A,A,1
colorbench_08837,A,A,1
colorbench_08839,A,A,1
colorbench_08841,A,A,1
colorbench_08843,A,A,1
colorbench_08845,A,A,1
colorbench_08847,B,B,1
colorbench_08849,B,B,1
colorbench_08851,B,B,1
colorbench_08853,B,B,1
colorbench_08855,B,B,1
colorbench_08857,B,B,1
colorbench_08859,A,A,1
colorbench_08861,A,A,1
colorbench_08863,A,A,1
colorbench_08865,A,A,1
colorbench_08867,A,A,1
colorbench_08869,A,A,1
colorbench_08871,B,B,1
colorbench_08873,B,B,1
colorbench_08875,B,B,1
colorbench_08877,B,B,1
colorbench_08879,B,B,1
colorbench_08881,B,B,1
colorbench_08883,B,A,0
colorbench_08885,B,A,0
colorbench_08887,B,B,1
colorbench_08889,B,A,0
colorbench_08891,B,A,0
colorbench_08893,B,B,1
colorbench_08895,A,A,1
colorbench_08897,A,A,1
colorbench_08899,A,A,1
colorbench_08901,A,A,1
colorbench_08903,A,A,1
colorbench_08905,A,A,1
colorbench_08907,A,A,1
colorbench_08909,A,A,1
colorbench_08911,A,A,1
colorbench_08913,A,A,1
colorbench_08915,A,A,1
colorbench_08917,A,A,1
colorbench_08919,A,A,1
colorbench_08921,A,A,1
colorbench_08923,A,A,1
colorbench_08925,A,A,1
colorbench_08927,A,A,1
colorbench_08929,A,A,1
colorbench_08931,B,B,1
colorbench_08933,B,B,1
colorbench_08935,B,B,1
colorbench_08937,B,B,1
colorbench_08939,B,B,1
colorbench_08941,B,B,1
colorbench_08943,B,B,1
colorbench_08945,B,B,1
colorbench_08947,B,B,1
colorbench_08949,B,B,1
colorbench_08951,B,B,1
colorbench_08953,B,B,1
colorbench_08955,B,B,1
colorbench_08957,B,B,1
colorbench_08959,B,B,1
colorbench_08961,B,B,1
colorbench_08963,B,B,1
colorbench_08965,B,B,1
colorbench_08967,A,A,1
colorbench_08969,A,A,1
colorbench_08971,A,A,1
colorbench_08973,A,A,1
colorbench_08975,A,A,1
colorbench_08977,A,A,1
colorbench_08979,B,B,1
colorbench_08981,B,B,1
colorbench_08983,B,B,1
colorbench_08985,B,B,1
colorbench_08987,B,B,1
colorbench_08989,B,B,1
colorbench_08991,A,A,1
colorbench_08993,A,A,1
colorbench_08995,A,A,1
colorbench_08997,A,A,1
colorbench_08999,A,A,1
colorbench_09001,A,A,1
colorbench_09003,A,A,1
colorbench_09005,A,A,1
colorbench_09007,A,A,1
colorbench_09009,A,A,1
colorbench_09011,A,A,1
colorbench_09013,A,A,1
colorbench_09015,B,B,1
colorbench_09017,B,B,1
colorbench_09019,B,B,1
colorbench_09021,B,B,1
colorbench_09023,B,B,1
colorbench_09025,B,B,1
colorbench_09027,A,A,1
colorbench_09029,A,A,1
colorbench_09031,A,A,1
colorbench_09033,A,A,1
colorbench_09035,A,A,1
colorbench_09037,A,A,1
colorbench_09039,A,,0
colorbench_09041,A,S,0
colorbench_09043,A,S,0
colorbench_09045,A,A,1
colorbench_09047,A,,0
colorbench_09049,A,,0
colorbench_09051,B,B,1
colorbench_09053,B,B,1
colorbench_09055,B,B,1
colorbench_09057,B,B,1
colorbench_09059,B,B,1
colorbench_09061,B,B,1
colorbench_09063,B,B,1
colorbench_09065,B,B,1
colorbench_09067,B,B,1
colorbench_09069,B,B,1
colorbench_09071,B,B,1
colorbench_09073,B,B,1
colorbench_09075,B,A,0
colorbench_09077,B,A,0
colorbench_09079,B,A,0
colorbench_09081,B,A,0
colorbench_09083,B,A,0
colorbench_09085,B,A,0
colorbench_09087,B,B,1
colorbench_09089,B,B,1
colorbench_09091,B,B,1
colorbench_09093,B,B,1
colorbench_09095,B,B,1
colorbench_09097,B,B,1
colorbench_09099,A,A,1
colorbench_09101,A,A,1
colorbench_09103,A,A,1
colorbench_09105,A,A,1
colorbench_09107,A,A,1
colorbench_09109,A,A,1
colorbench_09111,B,B,1
colorbench_09113,B,B,1
colorbench_09115,B,B,1
colorbench_09117,B,B,1
colorbench_09119,B,B,1
colorbench_09121,B,B,1
colorbench_09123,A,A,1
colorbench_09125,A,A,1
colorbench_09127,A,A,1
colorbench_09129,A,A,1
colorbench_09131,A,A,1
colorbench_09133,A,A,1
colorbench_09135,B,B,1
colorbench_09137,B,B,1
colorbench_09139,B,B,1
colorbench_09141,B,B,1
colorbench_09143,B,B,1
colorbench_09145,B,B,1
colorbench_09147,B,B,1
colorbench_09149,B,B,1
colorbench_09151,B,B,1
colorbench_09153,B,B,1
colorbench_09155,B,B,1
colorbench_09157,B,B,1
colorbench_09159,A,A,1
colorbench_09161,A,A,1
colorbench_09163,A,A,1
colorbench_09165,A,A,1
colorbench_09167,A,A,1
colorbench_09169,A,A,1
colorbench_09171,A,A,1
colorbench_09173,A,A,1
colorbench_09175,A,A,1
colorbench_09177,A,A,1
colorbench_09179,A,A,1
colorbench_09181,A,A,1
colorbench_09183,A,A,1
colorbench_09185,A,A,1
colorbench_09187,A,A,1
colorbench_09189,A,A,1
colorbench_09191,A,A,1
colorbench_09193,A,A,1
colorbench_09195,A,B,0
colorbench_09197,A,B,0
colorbench_09199,A,B,0
colorbench_09201,A,B,0
colorbench_09203,A,B,0
colorbench_09205,A,B,0
colorbench_09207,A,A,1
colorbench_09209,A,A,1
colorbench_09211,A,A,1
colorbench_09213,A,A,1
colorbench_09215,A,A,1
colorbench_09217,A,A,1
colorbench_09219,B,B,1
colorbench_09221,B,B,1
colorbench_09223,B,B,1
colorbench_09225,B,B,1
colorbench_09227,B,B,1
colorbench_09229,B,B,1
colorbench_09231,A,A,1
colorbench_09233,A,A,1
colorbench_09235,A,A,1
colorbench_09237,A,A,1
colorbench_09239,A,A,1
colorbench_09241,A,A,1
colorbench_09243,B,B,1
colorbench_09245,B,B,1
colorbench_09247,B,B,1
colorbench_09249,B,B,1
colorbench_09251,B,B,1
colorbench_09253,B,B,1
colorbench_09255,B,B,1
colorbench_09257,B,B,1
colorbench_09259,B,B,1
colorbench_09261,B,B,1
colorbench_09263,B,B,1
colorbench_09265,B,B,1
colorbench_09267,B,B,1
colorbench_09269,B,B,1
colorbench_09271,B,B,1
colorbench_09273,B,B,1
colorbench_09275,B,B,1
colorbench_09277,B,B,1
colorbench_09279,B,B,1
colorbench_09281,B,B,1
colorbench_09283,B,B,1
colorbench_09285,B,B,1
colorbench_09287,B,B,1
colorbench_09289,B,B,1
colorbench_09291,A,A,1
colorbench_09293,A,A,1
colorbench_09295,A,A,1
colorbench_09297,A,A,1
colorbench_09299,A,A,1
colorbench_09301,A,A,1
colorbench_09303,A,A,1
colorbench_09305,A,A,1
colorbench_09307,A,A,1
colorbench_09309,A,A,1
colorbench_09311,A,A,1
colorbench_09313,A,A,1
colorbench_09315,B,B,1
colorbench_09317,B,B,1
colorbench_09319,B,B,1
colorbench_09321,B,B,1
colorbench_09323,B,B,1
colorbench_09325,B,B,1
colorbench_09327,A,A,1
colorbench_09329,A,A,1
colorbench_09331,A,A,1
colorbench_09333,A,A,1
colorbench_09335,A,A,1
colorbench_09337,A,A,1
colorbench_09339,A,A,1
colorbench_09341,A,A,1
colorbench_09343,A,A,1
colorbench_09345,A,A,1
colorbench_09347,A,A,1
colorbench_09349,A,A,1
colorbench_09351,B,B,1
colorbench_09353,B,B,1
colorbench_09355,B,B,1
colorbench_09357,B,B,1
colorbench_09359,B,B,1
colorbench_09361,B,B,1
colorbench_09363,A,A,1
colorbench_09365,A,A,1
colorbench_09367,A,A,1
colorbench_09369,A,A,1
colorbench_09371,A,A,1
colorbench_09373,A,A,1
colorbench_09375,B,B,1
colorbench_09377,B,B,1
colorbench_09379,B,B,1
colorbench_09381,B,B,1
colorbench_09383,B,B,1
colorbench_09385,B,B,1
colorbench_09387,B,B,1
colorbench_09389,B,B,1
colorbench_09391,B,B,1
colorbench_09393,B,B,1
colorbench_09395,B,B,1
colorbench_09397,B,B,1
colorbench_09399,A,A,1
colorbench_09401,A,A,1
colorbench_09403,A,A,1
colorbench_09405,A,A,1
colorbench_09407,A,A,1
colorbench_09409,A,A,1
colorbench_09411,A,A,1
colorbench_09413,A,A,1
colorbench_09415,A,A,1
colorbench_09417,A,A,1
colorbench_09419,A,A,1
colorbench_09421,A,A,1
colorbench_09423,A,A,1
colorbench_09425,A,A,1
colorbench_09427,A,A,1
colorbench_09429,A,A,1
colorbench_09431,A,A,1
colorbench_09433,A,A,1
colorbench_09435,A,A,1
colorbench_09437,A,A,1
colorbench_09439,A,A,1
colorbench_09441,A,A,1
colorbench_09443,A,A,1
colorbench_09445,A,A,1
colorbench_09447,B,B,1
colorbench_09449,B,B,1
colorbench_09451,B,B,1
colorbench_09453,B,B,1
colorbench_09455,B,B,1
colorbench_09457,B,B,1
colorbench_09459,A,A,1
colorbench_09461,A,A,1
colorbench_09463,A,A,1
colorbench_09465,A,A,1
colorbench_09467,A,A,1
colorbench_09469,A,A,1
colorbench_09471,B,B,1
colorbench_09473,B,B,1
colorbench_09475,B,B,1
colorbench_09477,B,B,1
colorbench_09479,B,B,1
colorbench_09481,B,B,1
colorbench_09483,A,A,1
colorbench_09485,A,A,1
colorbench_09487,A,A,1
colorbench_09489,A,A,1
colorbench_09491,A,A,1
colorbench_09493,A,A,1
colorbench_09495,A,A,1
colorbench_09497,A,A,1
colorbench_09499,A,A,1
colorbench_09501,A,A,1
colorbench_09503,A,A,1
colorbench_09505,A,A,1
colorbench_09507,B,B,1
colorbench_09509,B,B,1
colorbench_09511,B,B,1
colorbench_09513,B,B,1
colorbench_09515,B,B,1
colorbench_09517,B,B,1
colorbench_09519,A,A,1
colorbench_09521,A,A,1
colorbench_09523,A,A,1
colorbench_09525,A,A,1
colorbench_09527,A,A,1
colorbench_09529,A,A,1
colorbench_09531,B,B,1
colorbench_09533,B,B,1
colorbench_09535,B,B,1
colorbench_09537,B,B,1
colorbench_09539,B,B,1
colorbench_09541,B,A,0
colorbench_09543,A,A,1
colorbench_09545,A,A,1
colorbench_09547,A,A,1
colorbench_09549,A,A,1
colorbench_09551,A,A,1
colorbench_09553,A,A,1
colorbench_09555,A,A,1
colorbench_09557,A,A,1
colorbench_09559,A,A,1
colorbench_09561,A,A,1
colorbench_09563,A,A,1
colorbench_09565,A,A,1
colorbench_09567,A,A,1
colorbench_09569,A,A,1
colorbench_09571,A,A,1
colorbench_09573,A,A,1
colorbench_09575,A,A,1
colorbench_09577,A,A,1
colorbench_09579,B,B,1
colorbench_09581,B,B,1
colorbench_09583,B,B,1
colorbench_09585,B,B,1
colorbench_09587,B,B,1
colorbench_09589,B,B,1
colorbench_09591,A,A,1
colorbench_09593,A,A,1
colorbench_09595,A,A,1
colorbench_09597,A,A,1
colorbench_09599,A,A,1
colorbench_09601,A,A,1
colorbench_09603,A,A,1
colorbench_09605,A,A,1
colorbench_09607,A,A,1
colorbench_09609,A,A,1
colorbench_09611,A,A,1
colorbench_09613,A,A,1
colorbench_09615,A,A,1
colorbench_09617,A,A,1
colorbench_09619,A,A,1
colorbench_09621,A,A,1
colorbench_09623,A,A,1
colorbench_09625,A,A,1
colorbench_09627,A,A,1
colorbench_09629,A,A,1
colorbench_09631,A,A,1
colorbench_09633,A,A,1
colorbench_09635,A,A,1
colorbench_09637,A,A,1
colorbench_09639,A,A,1
colorbench_09641,A,A,1
colorbench_09643,A,A,1
colorbench_09645,A,A,1
colorbench_09647,A,A,1
colorbench_09649,A,A,1
colorbench_09651,B,B,1
colorbench_09653,B,B,1
colorbench_09655,B,B,1
colorbench_09657,B,B,1
colorbench_09659,B,B,1
colorbench_09661,B,B,1
colorbench_09663,A,A,1
colorbench_09665,A,A,1
colorbench_09667,A,A,1
colorbench_09669,A,A,1
colorbench_09671,A,A,1
colorbench_09673,A,A,1
colorbench_09675,B,B,1
colorbench_09677,B,B,1
colorbench_09679,B,B,1
colorbench_09681,B,B,1
colorbench_09683,B,B,1
colorbench_09685,B,B,1
colorbench_09687,A,A,1
colorbench_09689,A,A,1
colorbench_09691,A,A,1
colorbench_09693,A,A,1
colorbench_09695,A,A,1
colorbench_09697,A,A,1
colorbench_09699,B,B,1
colorbench_09701,B,B,1
colorbench_09703,B,B,1
colorbench_09705,B,B,1
colorbench_09707,B,B,1
colorbench_09709,B,B,1
colorbench_09711,B,B,1
colorbench_09713,B,B,1
colorbench_09715,B,B,1
colorbench_09717,B,B,1
colorbench_09719,B,B,1
colorbench_09721,B,B,1
colorbench_09723,B,B,1
colorbench_09725,B,B,1
colorbench_09727,B,B,1
colorbench_09729,B,B,1
colorbench_09731,B,B,1
colorbench_09733,B,B,1
colorbench_09735,A,A,1
colorbench_09737,A,A,1
colorbench_09739,A,A,1
colorbench_09741,A,A,1
colorbench_09743,A,A,1
colorbench_09745,A,A,1
colorbench_09747,A,,0
colorbench_09749,A,A,1
colorbench_09751,A,A,1
colorbench_09753,A,A,1
colorbench_09755,A,A,1
colorbench_09757,A,,0
colorbench_09759,B,B,1
colorbench_09761,B,B,1
colorbench_09763,B,B,1
colorbench_09765,B,B,1
colorbench_09767,B,B,1
colorbench_09769,B,B,1
colorbench_09771,A,A,1
colorbench_09773,A,A,1
colorbench_09775,A,A,1
colorbench_09777,A,A,1
colorbench_09779,A,A,1
colorbench_09781,A,A,1
colorbench_09783,B,B,1
colorbench_09785,B,B,1
colorbench_09787,B,B,1
colorbench_09789,B,B,1
colorbench_09791,B,B,1
colorbench_09793,B,B,1
colorbench_09795,A,A,1
colorbench_09797,A,A,1
colorbench_09799,A,A,1
colorbench_09801,A,A,1
colorbench_09803,A,A,1
colorbench_09805,A,A,1
colorbench_09807,B,B,1
colorbench_09809,B,B,1
colorbench_09811,B,B,1
colorbench_09813,B,B,1
colorbench_09815,B,B,1
colorbench_09817,B,B,1
colorbench_09819,B,B,1
colorbench_09821,B,B,1
colorbench_09823,B,B,1
colorbench_09825,B,B,1
colorbench_09827,B,B,1
colorbench_09829,B,B,1
colorbench_09831,A,B,0
colorbench_09833,A,B,0
colorbench_09835,A,B,0
colorbench_09837,A,B,0
colorbench_09839,A,B,0
colorbench_09841,A,B,0
colorbench_09843,B,B,1
colorbench_09845,B,B,1
colorbench_09847,B,B,1
colorbench_09849,B,B,1
colorbench_09851,B,B,1
colorbench_09853,B,B,1
colorbench_09855,A,A,1
colorbench_09857,A,A,1
colorbench_09859,A,A,1
colorbench_09861,A,A,1
colorbench_09863,A,A,1
colorbench_09865,A,A,1
colorbench_09867,A,A,1
colorbench_09869,A,A,1
colorbench_09871,A,A,1
colorbench_09873,A,A,1
colorbench_09875,A,A,1
colorbench_09877,A,A,1
colorbench_09879,B,B,1
colorbench_09881,B,B,1
colorbench_09883,B,B,1
colorbench_09885,B,B,1
colorbench_09887,B,B,1
colorbench_09889,B,B,1
colorbench_09891,A,A,1
colorbench_09893,A,A,1
colorbench_09895,A,A,1
colorbench_09897,A,A,1
colorbench_09899,A,A,1
colorbench_09901,A,A,1
colorbench_09903,B,B,1
colorbench_09905,B,B,1
colorbench_09907,B,B,1
colorbench_09909,B,B,1
colorbench_09911,B,B,1
colorbench_09913,B,B,1
colorbench_09915,B,B,1
colorbench_09917,B,B,1
colorbench_09919,B,B,1
colorbench_09921,B,B,1
colorbench_09923,B,B,1
colorbench_09925,B,B,1
colorbench_09927,A,A,1
colorbench_09929,A,A,1
colorbench_09931,A,A,1
colorbench_09933,A,A,1
colorbench_09935,A,A,1
colorbench_09937,A,A,1
colorbench_09939,B,B,1
colorbench_09941,B,B,1
colorbench_09943,B,B,1
colorbench_09945,B,B,1
colorbench_09947,B,B,1
colorbench_09949,B,B,1
colorbench_09951,A,A,1
colorbench_09953,A,A,1
colorbench_09955,A,A,1
colorbench_09957,A,A,1
colorbench_09959,A,A,1
colorbench_09961,A,A,1
colorbench_09963,B,B,1
colorbench_09965,B,B,1
colorbench_09967,B,B,1
colorbench_09969,B,B,1
colorbench_09971,B,B,1
colorbench_09973,B,B,1
colorbench_09975,B,B,1
colorbench_09977,B,B,1
colorbench_09979,B,B,1
colorbench_09981,B,B,1
colorbench_09983,B,B,1
colorbench_09985,B,B,1
colorbench_09987,B,B,1
colorbench_09989,B,B,1
colorbench_09991,B,B,1
colorbench_09993,B,B,1
colorbench_09995,B,B,1
colorbench_09997,B,B,1
colorbench_09999,A,A,1
colorbench_10001,A,A,1
colorbench_10003,A,A,1
colorbench_10005,A,A,1
colorbench_10007,A,A,1
colorbench_10009,A,A,1
colorbench_10011,B,B,1
colorbench_10013,B,B,1
colorbench_10015,B,B,1
colorbench_10017,B,B,1
colorbench_10019,B,B,1
colorbench_10021,B,B,1
colorbench_10023,A,A,1
colorbench_10025,A,A,1
colorbench_10027,A,A,1
colorbench_10029,A,A,1
colorbench_10031,A,A,1
colorbench_10033,A,A,1
colorbench_10035,A,A,1
colorbench_10037,A,A,1
colorbench_10039,A,A,1
colorbench_10041,A,A,1
colorbench_10043,A,A,1
colorbench_10045,A,A,1
colorbench_10047,A,A,1
colorbench_10049,A,A,1
colorbench_10051,A,A,1
colorbench_10053,A,A,1
colorbench_10055,A,A,1
colorbench_10057,A,A,1
colorbench_10059,B,B,1
colorbench_10061,B,B,1
colorbench_10063,B,B,1
colorbench_10065,B,B,1
colorbench_10067,B,B,1
colorbench_10069,B,B,1
colorbench_10071,B,B,1
colorbench_10073,B,B,1
colorbench_10075,B,B,1
colorbench_10077,B,B,1
colorbench_10079,B,B,1
colorbench_10081,B,B,1
colorbench_10083,A,A,1
colorbench_10085,A,A,1
colorbench_10087,A,A,1
colorbench_10089,A,A,1
colorbench_10091,A,A,1
colorbench_10093,A,A,1
colorbench_10095,A,A,1
colorbench_10097,A,A,1
colorbench_10099,A,A,1
colorbench_10101,A,A,1
colorbench_10103,A,A,1
colorbench_10105,A,A,1
colorbench_10107,B,B,1
colorbench_10109,B,B,1
colorbench_10111,B,B,1
colorbench_10113,B,B,1
colorbench_10115,B,B,1
colorbench_10117,B,B,1
colorbench_10119,A,A,1
colorbench_10121,A,A,1
colorbench_10123,A,A,1
colorbench_10125,A,A,1
colorbench_10127,A,A,1
colorbench_10129,A,A,1
colorbench_10131,A,A,1
colorbench_10133,A,A,1
colorbench_10135,A,A,1
colorbench_10137,A,A,1
colorbench_10139,A,A,1
colorbench_10141,A,A,1
colorbench_10143,A,A,1
colorbench_10145,A,A,1
colorbench_10147,A,A,1
colorbench_10149,A,A,1
colorbench_10151,A,A,1
colorbench_10153,A,A,1
colorbench_10155,B,B,1
colorbench_10157,B,B,1
colorbench_10159,B,B,1
colorbench_10161,B,B,1
colorbench_10163,B,B,1
colorbench_10165,B,B,1
colorbench_10167,B,B,1
colorbench_10169,B,B,1
colorbench_10171,B,B,1
colorbench_10173,B,B,1
colorbench_10175,B,B,1
colorbench_10177,B,B,1
colorbench_10179,A,A,1
colorbench_10181,A,A,1
colorbench_10183,A,A,1
colorbench_10185,A,A,1
colorbench_10187,A,A,1
colorbench_10189,A,A,1
colorbench_10191,A,A,1
colorbench_10193,A,A,1
colorbench_10195,A,A,1
colorbench_10197,A,A,1
colorbench_10199,A,A,1
colorbench_10201,A,A,1
colorbench_10203,B,B,1
colorbench_10205,B,B,1
colorbench_10207,B,B,1
colorbench_10209,B,B,1
colorbench_10211,B,B,1
colorbench_10213,B,B,1
colorbench_10215,B,B,1
colorbench_10217,B,A,0
colorbench_10219,B,B,1
colorbench_10221,B,B,1
colorbench_10223,B,B,1
colorbench_10225,B,B,1
colorbench_10227,B,B,1
colorbench_10229,B,B,1
colorbench_10231,B,B,1
colorbench_10233,B,B,1
colorbench_10235,B,B,1
colorbench_10237,B,B,1
colorbench_10239,B,B,1
colorbench_10241,B,B,1
colorbench_10243,B,B,1
colorbench_10245,B,B,1
colorbench_10247,B,B,1
colorbench_10249,B,B,1
colorbench_10251,B,B,1
colorbench_10253,B,B,1
colorbench_10255,B,B,1
colorbench_10257,B,B,1
colorbench_10259,B,B,1
colorbench_10261,B,B,1
colorbench_10263,A,A,1
colorbench_10265,A,A,1
colorbench_10267,A,A,1
colorbench_10269,A,A,1
colorbench_10271,A,B,0
colorbench_10273,A,,0
colorbench_10275,B,B,1
colorbench_10277,B,B,1
colorbench_10279,B,B,1
colorbench_10281,B,B,1
colorbench_10283,B,B,1
colorbench_10285,B,B,1
colorbench_10287,A,A,1
colorbench_10289,A,A,1
colorbench_10291,A,A,1
colorbench_10293,A,A,1
colorbench_10295,A,A,1
colorbench_10297,A,A,1
colorbench_10299,A,A,1
colorbench_10301,A,A,1
colorbench_10303,A,A,1
colorbench_10305,A,A,1
colorbench_10307,A,A,1
colorbench_10309,A,A,1
colorbench_10311,A,A,1
colorbench_10313,A,,0
colorbench_10315,A,A,1
colorbench_10317,A,A,1
colorbench_10319,A,A,1
colorbench_10321,A,A,1
colorbench_10323,B,B,1
colorbench_10325,B,B,1
colorbench_10327,B,B,1
colorbench_10329,B,B,1
colorbench_10331,B,B,1
colorbench_10333,B,B,1
colorbench_10335,A,A,1
colorbench_10337,A,A,1
colorbench_10339,A,A,1
colorbench_10341,A,A,1
colorbench_10343,A,A,1
colorbench_10345,A,A,1
colorbench_10347,A,A,1
colorbench_10349,A,A,1
colorbench_10351,A,A,1
colorbench_10353,A,A,1
colorbench_10355,A,A,1
colorbench_10357,A,A,1
colorbench_10359,A,A,1
colorbench_10361,A,A,1
colorbench_10363,A,A,1
colorbench_10365,A,A,1
colorbench_10367,A,A,1
colorbench_10369,A,A,1
colorbench_10371,B,B,1
colorbench_10373,B,B,1
colorbench_10375,B,B,1
colorbench_10377,B,B,1
colorbench_10379,B,B,1
colorbench_10381,B,B,1
colorbench_10383,B,B,1
colorbench_10385,B,B,1
colorbench_10387,B,B,1
colorbench_10389,B,B,1
colorbench_10391,B,B,1
colorbench_10393,B,B,1
colorbench_10395,A,A,1
colorbench_10397,A,A,1
colorbench_10399,A,A,1
colorbench_10401,A,A,1
colorbench_10403,A,A,1
colorbench_10405,A,S,0
colorbench_10407,A,A,1
colorbench_10409,A,A,1
colorbench_10411,A,A,1
colorbench_10413,A,A,1
colorbench_10415,A,A,1
colorbench_10417,A,A,1
colorbench_10419,B,B,1
colorbench_10421,B,B,1
colorbench_10423,B,B,1
colorbench_10425,B,B,1
colorbench_10427,B,B,1
colorbench_10429,B,B,1
colorbench_10431,B,B,1
colorbench_10433,B,B,1
colorbench_10435,B,B,1
colorbench_10437,B,B,1
colorbench_10439,B,B,1
colorbench_10441,B,B,1
colorbench_10443,A,A,1
colorbench_10445,A,A,1
colorbench_10447,A,A,1
colorbench_10449,A,A,1
colorbench_10451,A,A,1
colorbench_10453,A,A,1
colorbench_10455,A,A,1
colorbench_10457,A,A,1
colorbench_10459,A,A,1
colorbench_10461,A,A,1
colorbench_10463,A,A,1
colorbench_10465,A,A,1
colorbench_10467,B,B,1
colorbench_10469,B,B,1
colorbench_10471,B,,0
colorbench_10473,B,B,1
colorbench_10475,B,B,1
colorbench_10477,B,,0
colorbench_10479,B,B,1
colorbench_10481,B,B,1
colorbench_10483,B,B,1
colorbench_10485,B,B,1
colorbench_10487,B,B,1
colorbench_10489,B,B,1
colorbench_10491,A,A,1
colorbench_10493,A,,0
colorbench_10495,A,A,1
colorbench_10497,A,A,1
colorbench_10499,A,A,1
colorbench_10501,A,A,1
colorbench_10503,B,B,1
colorbench_10505,B,B,1
colorbench_10507,B,B,1
colorbench_10509,B,B,1
colorbench_10511,B,B,1
colorbench_10513,B,B,1
colorbench_10515,B,,0
colorbench_10517,B,,0
colorbench_10519,B,B,1
colorbench_10521,B,,0
colorbench_10523,B,,0
colorbench_10525,B,,0
colorbench_10527,B,B,1
colorbench_10529,B,B,1
colorbench_10531,B,B,1
colorbench_10533,B,B,1
colorbench_10535,B,B,1
colorbench_10537,B,B,1
colorbench_10539,B,B,1
colorbench_10541,B,,0
colorbench_10543,B,B,1
colorbench_10545,B,,0
colorbench_10547,B,,0
colorbench_10549,B,,0
colorbench_10551,B,B,1
colorbench_10553,B,B,1
colorbench_10555,B,B,1
colorbench_10557,B,B,1
colorbench_10559,B,B,1
colorbench_10561,B,B,1
colorbench_10563,B,B,1
colorbench_10565,B,B,1
colorbench_10567,B,B,1
colorbench_10569,B,B,1
colorbench_10571,B,B,1
colorbench_10573,B,B,1
colorbench_10575,A,A,1
colorbench_10577,A,A,1
colorbench_10579,A,A,1
colorbench_10581,A,A,1
colorbench_10583,A,A,1
colorbench_10585,A,A,1
colorbench_10587,B,B,1
colorbench_10589,B,B,1
colorbench_10591,B,B,1
colorbench_10593,B,B,1
colorbench_10595,B,B,1
colorbench_10597,B,B,1
colorbench_10599,A,A,1
colorbench_10601,A,A,1
colorbench_10603,A,A,1
colorbench_10605,A,A,1
colorbench_10607,A,A,1
colorbench_10609,A,A,1
colorbench_10611,B,B,1
colorbench_10613,B,B,1
colorbench_10615,B,B,1
colorbench_10617,B,B,1
colorbench_10619,B,B,1
colorbench_10621,B,B,1
colorbench_10623,B,B,1
colorbench_10625,B,B,1
colorbench_10627,B,B,1
colorbench_10629,B,B,1
colorbench_10631,B,B,1
colorbench_10633,B,B,1
colorbench_10635,A,A,1
colorbench_10637,A,A,1
colorbench_10639,A,A,1
colorbench_10641,A,A,1
colorbench_10643,A,A,1
colorbench_10645,A,A,1
colorbench_10647,A,A,1
colorbench_10649,A,A,1
colorbench_10651,A,A,1
colorbench_10653,A,A,1
colorbench_10655,A,A,1
colorbench_10657,A,A,1
colorbench_10659,B,A,0
colorbench_10661,B,A,0
colorbench_10663,B,A,0
colorbench_10665,B,A,0
colorbench_10667,B,A,0
colorbench_10669,B,A,0
colorbench_10671,A,A,1
colorbench_10673,A,A,1
colorbench_10675,A,A,1
colorbench_10677,A,A,1
colorbench_10679,A,A,1
colorbench_10681,A,A,1
colorbench_10683,A,A,1
colorbench_10685,A,A,1
colorbench_10687,A,A,1
colorbench_10689,A,A,1
colorbench_10691,A,A,1
colorbench_10693,A,A,1
colorbench_10695,C,,0
colorbench_10697,C,,0
colorbench_10699,C,A,0
colorbench_10701,C,,0
colorbench_10703,C,,0
colorbench_10705,C,,0
colorbench_10707,F,D,0
colorbench_10709,F,D,0
colorbench_10711,F,D,0
colorbench_10713,F,D,0
colorbench_10715,F,D,0
colorbench_10717,F,D,0
colorbench_10719,B,D,0
colorbench_10721,B,D,0
colorbench_10723,B,D,0
colorbench_10725,B,D,0
colorbench_10727,B,D,0
colorbench_10729,B,D,0
colorbench_10731,A,A,1
colorbench_10733,A,A,1
colorbench_10735,A,A,1
colorbench_10737,A,A,1
colorbench_10739,A,A,1
colorbench_10741,A,A,1
colorbench_10743,B,B,1
colorbench_10745,B,B,1
colorbench_10747,B,B,1
colorbench_10749,B,B,1
colorbench_10751,B,B,1
colorbench_10753,B,B,1
colorbench_10755,B,B,1
colorbench_10757,B,B,1
colorbench_10759,B,B,1
colorbench_10761,B,B,1
colorbench_10763,B,B,1
colorbench_10765,B,B,1
colorbench_10767,A,A,1
colorbench_10769,A,A,1
colorbench_10771,A,A,1
colorbench_10773,A,A,1
colorbench_10775,A,A,1
colorbench_10777,A,A,1
colorbench_10779,A,A,1
colorbench_10781,A,A,1
colorbench_10783,A,A,1
colorbench_10785,A,A,1
colorbench_10787,A,A,1
colorbench_10789,A,A,1
colorbench_10791,B,B,1
colorbench_10793,B,B,1
colorbench_10795,B,B,1
colorbench_10797,B,B,1
colorbench_10799,B,B,1
colorbench_10801,B,B,1
colorbench_10803,B,B,1
colorbench_10805,B,B,1
colorbench_10807,B,B,1
colorbench_10809,B,B,1
colorbench_10811,B,B,1
colorbench_10813,B,B,1
__summary__,,acc=0.7381,4344
